"LOCATION","INDICATOR","SUBJECT","MEASURE","FREQUENCY","TIME","Value","Flag Codes"
"AUS","GDEXPRD","TOT","MLN_USD","A","1981",3528.48030733419,
"AUS","GDEXPRD","TOT","MLN_USD","A","1984",4306.08808524387,
"AUS","GDEXPRD","TOT","MLN_USD","A","1986",5287.29705661648,
"AUS","GDEXPRD","TOT","MLN_USD","A","1987",5396.35199891417,
"AUS","GDEXPRD","TOT","MLN_USD","A","1988",5733.00771614531,
"AUS","GDEXPRD","TOT","MLN_USD","A","1990",6404.71206951182,
"AUS","GDEXPRD","TOT","MLN_USD","A","1992",7768.04767935011,
"AUS","GDEXPRD","TOT","MLN_USD","A","1994",8659.21765085622,
"AUS","GDEXPRD","TOT","MLN_USD","A","1996",9802.09466296784,
"AUS","GDEXPRD","TOT","MLN_USD","A","1998",9778.78851879929,
"AUS","GDEXPRD","TOT","MLN_USD","A","2000",10645.325454765,
"AUS","GDEXPRD","TOT","MLN_USD","A","2002",12749.2982354658,
"AUS","GDEXPRD","TOT","MLN_USD","A","2004",14376.7290155599,
"AUS","GDEXPRD","TOT","MLN_USD","A","2006",17766.8299065731,
"AUS","GDEXPRD","TOT","MLN_USD","A","2008",21018.0736819903,
"AUS","GDEXPRD","TOT","MLN_USD","A","2010",21366.6816443911,
"AUS","GDEXPRD","TOT","MLN_USD","A","2011",21522.601176338,
"AUS","GDEXPRD","TOT","MLN_USD","A","2013",22441.0692242811,
"AUS","GDEXPRD","TOT","MLN_USD","A","2015",21157.0766472118,
"AUS","GDEXPRD","TOT","MLN_USD","A","2017",21236.8733829169,
"AUS","GDEXPRD","TOT","MLN_USD","A","2019",21738.7368023472,
"AUT","GDEXPRD","TOT","MLN_USD","A","1981",2366.04635295964,
"AUT","GDEXPRD","TOT","MLN_USD","A","1982",2514.56998280253,
"AUT","GDEXPRD","TOT","MLN_USD","A","1983",2610.25277032357,
"AUT","GDEXPRD","TOT","MLN_USD","A","1984",2725.91399551071,
"AUT","GDEXPRD","TOT","MLN_USD","A","1985",2798.7237825606,
"AUT","GDEXPRD","TOT","MLN_USD","A","1986",2957.31089424752,
"AUT","GDEXPRD","TOT","MLN_USD","A","1987",3015.76962179672,
"AUT","GDEXPRD","TOT","MLN_USD","A","1988",3215.5403565888,
"AUT","GDEXPRD","TOT","MLN_USD","A","1989",3393.31659596151,
"AUT","GDEXPRD","TOT","MLN_USD","A","1990",3666.59314660687,
"AUT","GDEXPRD","TOT","MLN_USD","A","1991",4008.53323353054,
"AUT","GDEXPRD","TOT","MLN_USD","A","1992",4055.54360943465,
"AUT","GDEXPRD","TOT","MLN_USD","A","1993",4125.40208664879,
"AUT","GDEXPRD","TOT","MLN_USD","A","1994",4456.04272460601,
"AUT","GDEXPRD","TOT","MLN_USD","A","1995",4635.6604067906,
"AUT","GDEXPRD","TOT","MLN_USD","A","1996",4902.80088218226,
"AUT","GDEXPRD","TOT","MLN_USD","A","1997",5240.2126700275,
"AUT","GDEXPRD","TOT","MLN_USD","A","1998",5679.24526724512,
"AUT","GDEXPRD","TOT","MLN_USD","A","1999",6267.82119127983,
"AUT","GDEXPRD","TOT","MLN_USD","A","2000",6622.14483774095,
"AUT","GDEXPRD","TOT","MLN_USD","A","2001",7083.24366890752,
"AUT","GDEXPRD","TOT","MLN_USD","A","2002",7467.25550111105,
"AUT","GDEXPRD","TOT","MLN_USD","A","2003",7933.67489558838,
"AUT","GDEXPRD","TOT","MLN_USD","A","2004",8119.03650214408,
"AUT","GDEXPRD","TOT","MLN_USD","A","2005",9094.99376194869,
"AUT","GDEXPRD","TOT","MLN_USD","A","2006",9353.58234652983,
"AUT","GDEXPRD","TOT","MLN_USD","A","2007",9945.70835428377,
"AUT","GDEXPRD","TOT","MLN_USD","A","2008",10721.0745097445,
"AUT","GDEXPRD","TOT","MLN_USD","A","2009",10427.0471362422,
"AUT","GDEXPRD","TOT","MLN_USD","A","2010",11147.5974802985,
"AUT","GDEXPRD","TOT","MLN_USD","A","2011",11231.7426575564,
"AUT","GDEXPRD","TOT","MLN_USD","A","2012",12350.7341574709,
"AUT","GDEXPRD","TOT","MLN_USD","A","2013",12524.2680483109,
"AUT","GDEXPRD","TOT","MLN_USD","A","2014",13159.034572333,
"AUT","GDEXPRD","TOT","MLN_USD","A","2015",13143.4317996908,
"AUT","GDEXPRD","TOT","MLN_USD","A","2016",13698.7800097897,
"AUT","GDEXPRD","TOT","MLN_USD","A","2017",13738.5654484865,
"AUT","GDEXPRD","TOT","MLN_USD","A","2018",14234.1132797062,
"AUT","GDEXPRD","TOT","MLN_USD","A","2019",14640.079285373,
"AUT","GDEXPRD","TOT","MLN_USD","A","2020",13996.9332146442,
"AUT","GDEXPRD","TOT","MLN_USD","A","2021",14577.3279661835,
"BEL","GDEXPRD","TOT","MLN_USD","A","1983",4080.0820262288,
"BEL","GDEXPRD","TOT","MLN_USD","A","1984",4213.97521815384,
"BEL","GDEXPRD","TOT","MLN_USD","A","1985",4426.02815265549,
"BEL","GDEXPRD","TOT","MLN_USD","A","1986",4515.7619147452,
"BEL","GDEXPRD","TOT","MLN_USD","A","1987",4656.33053172479,
"BEL","GDEXPRD","TOT","MLN_USD","A","1988",4737.95896872001,
"BEL","GDEXPRD","TOT","MLN_USD","A","1989",5074.55370332505,
"BEL","GDEXPRD","TOT","MLN_USD","A","1991",5248.60774126119,
"BEL","GDEXPRD","TOT","MLN_USD","A","1993",5541.22138169952,
"BEL","GDEXPRD","TOT","MLN_USD","A","1994",5686.58719114214,
"BEL","GDEXPRD","TOT","MLN_USD","A","1995",5893.96586198894,
"BEL","GDEXPRD","TOT","MLN_USD","A","1996",6318.79168451662,
"BEL","GDEXPRD","TOT","MLN_USD","A","1997",6809.59099062129,
"BEL","GDEXPRD","TOT","MLN_USD","A","1998",7052.66648522592,
"BEL","GDEXPRD","TOT","MLN_USD","A","1999",7570.25287257382,
"BEL","GDEXPRD","TOT","MLN_USD","A","2000",7977.48394245692,
"BEL","GDEXPRD","TOT","MLN_USD","A","2001",8467.57776611634,
"BEL","GDEXPRD","TOT","MLN_USD","A","2002",8063.2855375884,
"BEL","GDEXPRD","TOT","MLN_USD","A","2003",7881.35937483958,
"BEL","GDEXPRD","TOT","MLN_USD","A","2004",8071.09090986355,
"BEL","GDEXPRD","TOT","MLN_USD","A","2005",8122.84949756864,
"BEL","GDEXPRD","TOT","MLN_USD","A","2006",8479.4437281183,
"BEL","GDEXPRD","TOT","MLN_USD","A","2007",8922.90526755762,
"BEL","GDEXPRD","TOT","MLN_USD","A","2008",9383.52649654139,
"BEL","GDEXPRD","TOT","MLN_USD","A","2009",9487.07128142787,
"BEL","GDEXPRD","TOT","MLN_USD","A","2010",10067.7839884114,
"BEL","GDEXPRD","TOT","MLN_USD","A","2011",10791.7865393066,
"BEL","GDEXPRD","TOT","MLN_USD","A","2012",11410.887400616,
"BEL","GDEXPRD","TOT","MLN_USD","A","2013",11712.4654000665,
"BEL","GDEXPRD","TOT","MLN_USD","A","2014",12097.9150752215,
"BEL","GDEXPRD","TOT","MLN_USD","A","2015",12647.7756591749,
"BEL","GDEXPRD","TOT","MLN_USD","A","2016",13310.2009346071,
"BEL","GDEXPRD","TOT","MLN_USD","A","2017",14293.8029032602,
"BEL","GDEXPRD","TOT","MLN_USD","A","2018",15605.9485324701,
"BEL","GDEXPRD","TOT","MLN_USD","A","2019",17610.432516676,
"BEL","GDEXPRD","TOT","MLN_USD","A","2020",17710.6225994221,
"BEL","GDEXPRD","TOT","MLN_USD","A","2021",18017.4749426187,
"CAN","GDEXPRD","TOT","MLN_USD","A","1981",8458.53067626155,
"CAN","GDEXPRD","TOT","MLN_USD","A","1982",9081.35530363039,
"CAN","GDEXPRD","TOT","MLN_USD","A","1983",9126.4903889368,
"CAN","GDEXPRD","TOT","MLN_USD","A","1984",9877.6195865978,
"CAN","GDEXPRD","TOT","MLN_USD","A","1985",10604.4579724551,
"CAN","GDEXPRD","TOT","MLN_USD","A","1986",11020.3329004644,
"CAN","GDEXPRD","TOT","MLN_USD","A","1987",11174.8506263844,
"CAN","GDEXPRD","TOT","MLN_USD","A","1988",11589.4158986872,
"CAN","GDEXPRD","TOT","MLN_USD","A","1989",12492.3578977242,
"CAN","GDEXPRD","TOT","MLN_USD","A","1990",12955.9148666005,
"CAN","GDEXPRD","TOT","MLN_USD","A","1991",13137.1286722748,
"CAN","GDEXPRD","TOT","MLN_USD","A","1992",13580.3332841865,
"CAN","GDEXPRD","TOT","MLN_USD","A","1993",14344.5838768057,
"CAN","GDEXPRD","TOT","MLN_USD","A","1994",15458.5966920263,
"CAN","GDEXPRD","TOT","MLN_USD","A","1995",15735.2451332076,
"CAN","GDEXPRD","TOT","MLN_USD","A","1996",15623.5002108226,
"CAN","GDEXPRD","TOT","MLN_USD","A","1997",16304.1352543058,
"CAN","GDEXPRD","TOT","MLN_USD","A","1998",17679.2243508043,
"CAN","GDEXPRD","TOT","MLN_USD","A","1999",19123.7162207951,
"CAN","GDEXPRD","TOT","MLN_USD","A","2000",21748.0514574105,
"CAN","GDEXPRD","TOT","MLN_USD","A","2001",23974.0393131953,
"CAN","GDEXPRD","TOT","MLN_USD","A","2002",23836.9656269307,
"CAN","GDEXPRD","TOT","MLN_USD","A","2003",24648.739457124,
"CAN","GDEXPRD","TOT","MLN_USD","A","2004",26165.1913298187,
"CAN","GDEXPRD","TOT","MLN_USD","A","2005",26964.2357394488,
"CAN","GDEXPRD","TOT","MLN_USD","A","2006",27354.7991210384,
"CAN","GDEXPRD","TOT","MLN_USD","A","2007",27601.5845003174,
"CAN","GDEXPRD","TOT","MLN_USD","A","2008",27569.1936338647,
"CAN","GDEXPRD","TOT","MLN_USD","A","2009",26802.7314250857,
"CAN","GDEXPRD","TOT","MLN_USD","A","2010",26718.2709812372,
"CAN","GDEXPRD","TOT","MLN_USD","A","2011",27247.6827653473,
"CAN","GDEXPRD","TOT","MLN_USD","A","2012",27372.7874650363,
"CAN","GDEXPRD","TOT","MLN_USD","A","2013",27007.439245208,
"CAN","GDEXPRD","TOT","MLN_USD","A","2014",27791.9793024325,
"CAN","GDEXPRD","TOT","MLN_USD","A","2015",27004.6979120185,
"CAN","GDEXPRD","TOT","MLN_USD","A","2016",27755.6378583315,
"CAN","GDEXPRD","TOT","MLN_USD","A","2017",28228.1296753994,
"CAN","GDEXPRD","TOT","MLN_USD","A","2018",29895.1052866978,
"CAN","GDEXPRD","TOT","MLN_USD","A","2019",30696.6255814402,
"CAN","GDEXPRD","TOT","MLN_USD","A","2020",31111.028153459,
"CAN","GDEXPRD","TOT","MLN_USD","A","2021",30477.1553950946,
"CZE","GDEXPRD","TOT","MLN_USD","A","1995",1929.58151633102,
"CZE","GDEXPRD","TOT","MLN_USD","A","1996",2042.17403920917,
"CZE","GDEXPRD","TOT","MLN_USD","A","1997",2257.94707882354,
"CZE","GDEXPRD","TOT","MLN_USD","A","1998",2413.90482784994,
"CZE","GDEXPRD","TOT","MLN_USD","A","1999",2422.73580851485,
"CZE","GDEXPRD","TOT","MLN_USD","A","2000",2664.67395909189,
"CZE","GDEXPRD","TOT","MLN_USD","A","2001",2717.88309450473,
"CZE","GDEXPRD","TOT","MLN_USD","A","2002",2759.26441490105,
"CZE","GDEXPRD","TOT","MLN_USD","A","2003",2972.41286327889,
"CZE","GDEXPRD","TOT","MLN_USD","A","2004",3108.02400271966,
"CZE","GDEXPRD","TOT","MLN_USD","A","2005",3376.1452393051,
"CZE","GDEXPRD","TOT","MLN_USD","A","2006",3804.63403337468,
"CZE","GDEXPRD","TOT","MLN_USD","A","2007",4246.98726099278,
"CZE","GDEXPRD","TOT","MLN_USD","A","2008",4151.92387863868,
"CZE","GDEXPRD","TOT","MLN_USD","A","2009",4128.55583587154,
"CZE","GDEXPRD","TOT","MLN_USD","A","2010",4361.04745648383,
"CZE","GDEXPRD","TOT","MLN_USD","A","2011",5167.23512478844,
"CZE","GDEXPRD","TOT","MLN_USD","A","2012",5873.07234981951,
"CZE","GDEXPRD","TOT","MLN_USD","A","2013",6233.84061128392,
"CZE","GDEXPRD","TOT","MLN_USD","A","2014",6643.1498007338,
"CZE","GDEXPRD","TOT","MLN_USD","A","2015",6852.95471908851,
"CZE","GDEXPRD","TOT","MLN_USD","A","2016",6121.90399846511,
"CZE","GDEXPRD","TOT","MLN_USD","A","2017",6818.14796732489,
"CZE","GDEXPRD","TOT","MLN_USD","A","2018",7557.05609956198,
"CZE","GDEXPRD","TOT","MLN_USD","A","2019",7901.97521168632,
"CZE","GDEXPRD","TOT","MLN_USD","A","2020",7694.32987438386,
"CZE","GDEXPRD","TOT","MLN_USD","A","2021",8007.89099050234,
"DNK","GDEXPRD","TOT","MLN_USD","A","1981",1523.84427772088,
"DNK","GDEXPRD","TOT","MLN_USD","A","1982",1638.68190869675,
"DNK","GDEXPRD","TOT","MLN_USD","A","1983",1757.90240732489,
"DNK","GDEXPRD","TOT","MLN_USD","A","1984",1876.44727808621,
"DNK","GDEXPRD","TOT","MLN_USD","A","1985",2006.92780165705,
"DNK","GDEXPRD","TOT","MLN_USD","A","1986",2247.36932275761,
"DNK","GDEXPRD","TOT","MLN_USD","A","1987",2418.0074943256,
"DNK","GDEXPRD","TOT","MLN_USD","A","1988",2555.75675787365,
"DNK","GDEXPRD","TOT","MLN_USD","A","1989",2653.28910199817,
"DNK","GDEXPRD","TOT","MLN_USD","A","1990",2826.06180727887,
"DNK","GDEXPRD","TOT","MLN_USD","A","1991",2986.70356999734,
"DNK","GDEXPRD","TOT","MLN_USD","A","1992",3104.12491087253,
"DNK","GDEXPRD","TOT","MLN_USD","A","1993",3251.5498384002,
"DNK","GDEXPRD","TOT","MLN_USD","A","1995",3734.46960165496,
"DNK","GDEXPRD","TOT","MLN_USD","A","1996",3880.66013627844,
"DNK","GDEXPRD","TOT","MLN_USD","A","1997",4190.12477771731,
"DNK","GDEXPRD","TOT","MLN_USD","A","1998",4548.43787685166,
"DNK","GDEXPRD","TOT","MLN_USD","A","1999",4966.00418671333,
"DNK","GDEXPRD","TOT","MLN_USD","A","2001",5675.50013777051,
"DNK","GDEXPRD","TOT","MLN_USD","A","2002",5988.41035466269,
"DNK","GDEXPRD","TOT","MLN_USD","A","2003",6182.65648758319,
"DNK","GDEXPRD","TOT","MLN_USD","A","2004",6115.84436462384,
"DNK","GDEXPRD","TOT","MLN_USD","A","2005",6192.02593689006,
"DNK","GDEXPRD","TOT","MLN_USD","A","2006",6460.20877500751,
"DNK","GDEXPRD","TOT","MLN_USD","A","2007",6823.89662614114,
"DNK","GDEXPRD","TOT","MLN_USD","A","2008",7485.40607610404,
"DNK","GDEXPRD","TOT","MLN_USD","A","2009",7841.08017128737,
"DNK","GDEXPRD","TOT","MLN_USD","A","2010",7626.78165349961,
"DNK","GDEXPRD","TOT","MLN_USD","A","2011",7801.82114408474,
"DNK","GDEXPRD","TOT","MLN_USD","A","2012",7916.67191575891,
"DNK","GDEXPRD","TOT","MLN_USD","A","2013",7961.70675112474,
"DNK","GDEXPRD","TOT","MLN_USD","A","2014",7937.05519760294,
"DNK","GDEXPRD","TOT","MLN_USD","A","2015",8515.66911287879,
"DNK","GDEXPRD","TOT","MLN_USD","A","2016",8901.06416989236,
"DNK","GDEXPRD","TOT","MLN_USD","A","2017",8674.05616320196,
"DNK","GDEXPRD","TOT","MLN_USD","A","2018",8951.61186951373,
"DNK","GDEXPRD","TOT","MLN_USD","A","2019",8873.41511689199,
"DNK","GDEXPRD","TOT","MLN_USD","A","2020",8912.21129578579,
"DNK","GDEXPRD","TOT","MLN_USD","A","2021",8853.54499157477,
"FIN","GDEXPRD","TOT","MLN_USD","A","1981",1318.52848873753,
"FIN","GDEXPRD","TOT","MLN_USD","A","1983",1592.14697050338,
"FIN","GDEXPRD","TOT","MLN_USD","A","1984",1807.14495874791,
"FIN","GDEXPRD","TOT","MLN_USD","A","1985",1981.181668884,
"FIN","GDEXPRD","TOT","MLN_USD","A","1986",2148.13580597494,
"FIN","GDEXPRD","TOT","MLN_USD","A","1987",2347.01499475853,
"FIN","GDEXPRD","TOT","MLN_USD","A","1988",2514.19644628333,
"FIN","GDEXPRD","TOT","MLN_USD","A","1989",2688.69637517672,
"FIN","GDEXPRD","TOT","MLN_USD","A","1990",2818.61051248057,
"FIN","GDEXPRD","TOT","MLN_USD","A","1991",2869.16056454036,
"FIN","GDEXPRD","TOT","MLN_USD","A","1992",2904.58919194103,
"FIN","GDEXPRD","TOT","MLN_USD","A","1993",2933.61963191287,
"FIN","GDEXPRD","TOT","MLN_USD","A","1994",3221.43762255186,
"FIN","GDEXPRD","TOT","MLN_USD","A","1995",3344.09152662775,
"FIN","GDEXPRD","TOT","MLN_USD","A","1996",3857.04552982759,
"FIN","GDEXPRD","TOT","MLN_USD","A","1997",4383.98824473119,
"FIN","GDEXPRD","TOT","MLN_USD","A","1998",4910.41681572369,
"FIN","GDEXPRD","TOT","MLN_USD","A","1999",5625.73688273763,
"FIN","GDEXPRD","TOT","MLN_USD","A","2000",6311.09744821134,
"FIN","GDEXPRD","TOT","MLN_USD","A","2001",6380.60307888655,
"FIN","GDEXPRD","TOT","MLN_USD","A","2002",6610.13523785023,
"FIN","GDEXPRD","TOT","MLN_USD","A","2003",6836.15667883302,
"FIN","GDEXPRD","TOT","MLN_USD","A","2004",7132.45036433343,
"FIN","GDEXPRD","TOT","MLN_USD","A","2005",7363.12491931893,
"FIN","GDEXPRD","TOT","MLN_USD","A","2006",7679.155961507,
"FIN","GDEXPRD","TOT","MLN_USD","A","2007",8097.95821118645,
"FIN","GDEXPRD","TOT","MLN_USD","A","2008",8650.40924584572,
"FIN","GDEXPRD","TOT","MLN_USD","A","2009",8394.95881853464,
"FIN","GDEXPRD","TOT","MLN_USD","A","2010",8595.83535535391,
"FIN","GDEXPRD","TOT","MLN_USD","A","2011",8607.24597500831,
"FIN","GDEXPRD","TOT","MLN_USD","A","2012",7971.50973059591,
"FIN","GDEXPRD","TOT","MLN_USD","A","2013",7604.52323307347,
"FIN","GDEXPRD","TOT","MLN_USD","A","2014",7289.89462792454,
"FIN","GDEXPRD","TOT","MLN_USD","A","2015",6687.87247386876,
"FIN","GDEXPRD","TOT","MLN_USD","A","2016",6522.65430174323,
"FIN","GDEXPRD","TOT","MLN_USD","A","2017",6739.41523835911,
"FIN","GDEXPRD","TOT","MLN_USD","A","2018",6890.2441709504,
"FIN","GDEXPRD","TOT","MLN_USD","A","2019",7081.17070753311,
"FIN","GDEXPRD","TOT","MLN_USD","A","2020",7193.04980090598,
"FIN","GDEXPRD","TOT","MLN_USD","A","2021",7607.90647872915,
"FRA","GDEXPRD","TOT","MLN_USD","A","1981",27351.248317619,
"FRA","GDEXPRD","TOT","MLN_USD","A","1982",29229.4136462824,
"FRA","GDEXPRD","TOT","MLN_USD","A","1983",30160.5351052884,
"FRA","GDEXPRD","TOT","MLN_USD","A","1984",32004.3223709989,
"FRA","GDEXPRD","TOT","MLN_USD","A","1985",33415.4653953659,
"FRA","GDEXPRD","TOT","MLN_USD","A","1986",34012.5664526032,
"FRA","GDEXPRD","TOT","MLN_USD","A","1987",35572.7197430736,
"FRA","GDEXPRD","TOT","MLN_USD","A","1988",37104.0667876313,
"FRA","GDEXPRD","TOT","MLN_USD","A","1989",39477.4359176271,
"FRA","GDEXPRD","TOT","MLN_USD","A","1990",42101.356162365,
"FRA","GDEXPRD","TOT","MLN_USD","A","1991",42604.7329998271,
"FRA","GDEXPRD","TOT","MLN_USD","A","1992",43392.9033566134,
"FRA","GDEXPRD","TOT","MLN_USD","A","1993",43794.8124510556,
"FRA","GDEXPRD","TOT","MLN_USD","A","1994",43853.5634501399,
"FRA","GDEXPRD","TOT","MLN_USD","A","1995",44237.6182370889,
"FRA","GDEXPRD","TOT","MLN_USD","A","1996",44496.762691143,
"FRA","GDEXPRD","TOT","MLN_USD","A","1997",43983.2891197931,
"FRA","GDEXPRD","TOT","MLN_USD","A","1998",44453.2824788643,
"FRA","GDEXPRD","TOT","MLN_USD","A","1999",46257.5290668272,
"FRA","GDEXPRD","TOT","MLN_USD","A","2000",47748.4961040902,
"FRA","GDEXPRD","TOT","MLN_USD","A","2001",49732.6979823188,
"FRA","GDEXPRD","TOT","MLN_USD","A","2002",51154.9612862138,
"FRA","GDEXPRD","TOT","MLN_USD","A","2003",50282.0238634197,
"FRA","GDEXPRD","TOT","MLN_USD","A","2004",51087.2242888102,
"FRA","GDEXPRD","TOT","MLN_USD","A","2005",50868.0582306737,
"FRA","GDEXPRD","TOT","MLN_USD","A","2006",52099.5570705776,
"FRA","GDEXPRD","TOT","MLN_USD","A","2007",52675.2886747683,
"FRA","GDEXPRD","TOT","MLN_USD","A","2008",53765.7620376522,
"FRA","GDEXPRD","TOT","MLN_USD","A","2009",56043.9392282262,
"FRA","GDEXPRD","TOT","MLN_USD","A","2010",56271.4011281747,
"FRA","GDEXPRD","TOT","MLN_USD","A","2011",57849.5007162605,
"FRA","GDEXPRD","TOT","MLN_USD","A","2012",58969.3444969058,
"FRA","GDEXPRD","TOT","MLN_USD","A","2013",59574.4278263165,
"FRA","GDEXPRD","TOT","MLN_USD","A","2014",61189.6960770008,
"FRA","GDEXPRD","TOT","MLN_USD","A","2015",60541.3444401665,
"FRA","GDEXPRD","TOT","MLN_USD","A","2016",61077.22694051,
"FRA","GDEXPRD","TOT","MLN_USD","A","2017",61816.013442404,
"FRA","GDEXPRD","TOT","MLN_USD","A","2018",62905.3482740124,
"FRA","GDEXPRD","TOT","MLN_USD","A","2019",63922.6055133993,
"FRA","GDEXPRD","TOT","MLN_USD","A","2020",61960.3227887054,
"FRA","GDEXPRD","TOT","MLN_USD","A","2021",63542.7447607698,
"DEU","GDEXPRD","TOT","MLN_USD","A","1981",45487.0740274098,
"DEU","GDEXPRD","TOT","MLN_USD","A","1982",46630.0280777103,
"DEU","GDEXPRD","TOT","MLN_USD","A","1983",47146.6840806689,
"DEU","GDEXPRD","TOT","MLN_USD","A","1984",48865.6138742321,
"DEU","GDEXPRD","TOT","MLN_USD","A","1985",53232.430268356,
"DEU","GDEXPRD","TOT","MLN_USD","A","1986",55403.548971978,
"DEU","GDEXPRD","TOT","MLN_USD","A","1987",58254.6865040415,
"DEU","GDEXPRD","TOT","MLN_USD","A","1988",60452.8993573188,
"DEU","GDEXPRD","TOT","MLN_USD","A","1989",62388.0763035669,
"DEU","GDEXPRD","TOT","MLN_USD","A","1990",63116.1509047095,
"DEU","GDEXPRD","TOT","MLN_USD","A","1991",68054.9120766613,
"DEU","GDEXPRD","TOT","MLN_USD","A","1992",66061.5808656682,
"DEU","GDEXPRD","TOT","MLN_USD","A","1993",63486.023083371,
"DEU","GDEXPRD","TOT","MLN_USD","A","1994",62656.9025516505,
"DEU","GDEXPRD","TOT","MLN_USD","A","1995",63890.6707338506,
"DEU","GDEXPRD","TOT","MLN_USD","A","1996",64689.4584078844,
"DEU","GDEXPRD","TOT","MLN_USD","A","1997",67190.8768444909,
"DEU","GDEXPRD","TOT","MLN_USD","A","1998",69415.0771462019,
"DEU","GDEXPRD","TOT","MLN_USD","A","1999",74926.9899006539,
"DEU","GDEXPRD","TOT","MLN_USD","A","2000",79146.3463922691,
"DEU","GDEXPRD","TOT","MLN_USD","A","2001",80295.3311040688,
"DEU","GDEXPRD","TOT","MLN_USD","A","2002",81197.8617115378,
"DEU","GDEXPRD","TOT","MLN_USD","A","2003",81900.0358168007,
"DEU","GDEXPRD","TOT","MLN_USD","A","2004",81542.2693437592,
"DEU","GDEXPRD","TOT","MLN_USD","A","2005",82366.258502459,
"DEU","GDEXPRD","TOT","MLN_USD","A","2006",86573.7963738294,
"DEU","GDEXPRD","TOT","MLN_USD","A","2007",88723.8647937389,
"DEU","GDEXPRD","TOT","MLN_USD","A","2008",95205.7370393764,
"DEU","GDEXPRD","TOT","MLN_USD","A","2009",94163.3260288997,
"DEU","GDEXPRD","TOT","MLN_USD","A","2010",97654.8203228464,
"DEU","GDEXPRD","TOT","MLN_USD","A","2011",104287.330767315,
"DEU","GDEXPRD","TOT","MLN_USD","A","2012",107564.732408329,
"DEU","GDEXPRD","TOT","MLN_USD","A","2013",106323.261159248,
"DEU","GDEXPRD","TOT","MLN_USD","A","2014",110276.326391374,
"DEU","GDEXPRD","TOT","MLN_USD","A","2015",114097.563573046,
"DEU","GDEXPRD","TOT","MLN_USD","A","2016",116904.240781414,
"DEU","GDEXPRD","TOT","MLN_USD","A","2017",124393.853613863,
"DEU","GDEXPRD","TOT","MLN_USD","A","2018",128211.822258026,
"DEU","GDEXPRD","TOT","MLN_USD","A","2019",131969.43394897,
"DEU","GDEXPRD","TOT","MLN_USD","A","2020",125566.643621924,
"DEU","GDEXPRD","TOT","MLN_USD","A","2021",129005.315240608,
"GRC","GDEXPRD","TOT","MLN_USD","A","1981",318.076185368428,
"GRC","GDEXPRD","TOT","MLN_USD","A","1986",514.292245825851,
"GRC","GDEXPRD","TOT","MLN_USD","A","1988",575.604236523143,
"GRC","GDEXPRD","TOT","MLN_USD","A","1989",747.036339593436,
"GRC","GDEXPRD","TOT","MLN_USD","A","1991",749.943080245022,
"GRC","GDEXPRD","TOT","MLN_USD","A","1993",963.851206600049,
"GRC","GDEXPRD","TOT","MLN_USD","A","1995",1040.64423636059,
"GRC","GDEXPRD","TOT","MLN_USD","A","1997",1149.45350051313,
"GRC","GDEXPRD","TOT","MLN_USD","A","1999",1630.03566665894,
"GRC","GDEXPRD","TOT","MLN_USD","A","2001",1736.76263533495,
"GRC","GDEXPRD","TOT","MLN_USD","A","2003",1865.29060963349,
"GRC","GDEXPRD","TOT","MLN_USD","A","2004",1890.7304418203,
"GRC","GDEXPRD","TOT","MLN_USD","A","2005",2088.37782070025,
"GRC","GDEXPRD","TOT","MLN_USD","A","2006",2138.68412710523,
"GRC","GDEXPRD","TOT","MLN_USD","A","2007",2269.18326718135,
"GRC","GDEXPRD","TOT","MLN_USD","A","2008",2596.10670624047,
"GRC","GDEXPRD","TOT","MLN_USD","A","2009",2348.32662045017,
"GRC","GDEXPRD","TOT","MLN_USD","A","2010",2141.25604679193,
"GRC","GDEXPRD","TOT","MLN_USD","A","2011",2181.50263789086,
"GRC","GDEXPRD","TOT","MLN_USD","A","2012",2103.30672681651,
"GRC","GDEXPRD","TOT","MLN_USD","A","2013",2352.81999175503,
"GRC","GDEXPRD","TOT","MLN_USD","A","2014",2437.10266552614,
"GRC","GDEXPRD","TOT","MLN_USD","A","2015",2797.41110735376,
"GRC","GDEXPRD","TOT","MLN_USD","A","2016",2896.854978999,
"GRC","GDEXPRD","TOT","MLN_USD","A","2017",3356.6853666137,
"GRC","GDEXPRD","TOT","MLN_USD","A","2018",3594.61231417739,
"GRC","GDEXPRD","TOT","MLN_USD","A","2019",3847.17546954322,
"GRC","GDEXPRD","TOT","MLN_USD","A","2020",4140.4426124822,
"GRC","GDEXPRD","TOT","MLN_USD","A","2021",4318.75246988799,
"HUN","GDEXPRD","TOT","MLN_USD","A","1991",1707.57298658813,
"HUN","GDEXPRD","TOT","MLN_USD","A","1992",1629.1029433009,
"HUN","GDEXPRD","TOT","MLN_USD","A","1993",1503.57655318697,
"HUN","GDEXPRD","TOT","MLN_USD","A","1994",1409.44875182447,
"HUN","GDEXPRD","TOT","MLN_USD","A","1995",1179.38248560809,
"HUN","GDEXPRD","TOT","MLN_USD","A","1996",1053.85083463819,
"HUN","GDEXPRD","TOT","MLN_USD","A","1997",1205.43361618996,
"HUN","GDEXPRD","TOT","MLN_USD","A","1998",1177.46304899869,
"HUN","GDEXPRD","TOT","MLN_USD","A","1999",1240.87059116145,
"HUN","GDEXPRD","TOT","MLN_USD","A","2000",1526.26999229163,
"HUN","GDEXPRD","TOT","MLN_USD","A","2001",1833.74147859084,
"HUN","GDEXPRD","TOT","MLN_USD","A","2002",2068.87291274849,
"HUN","GDEXPRD","TOT","MLN_USD","A","2003",2011.49369408957,
"HUN","GDEXPRD","TOT","MLN_USD","A","2004",1976.68898837953,
"HUN","GDEXPRD","TOT","MLN_USD","A","2005",2204.49680531743,
"HUN","GDEXPRD","TOT","MLN_USD","A","2006",2435.75388320056,
"HUN","GDEXPRD","TOT","MLN_USD","A","2007",2385.13925824398,
"HUN","GDEXPRD","TOT","MLN_USD","A","2008",2467.45503711516,
"HUN","GDEXPRD","TOT","MLN_USD","A","2009",2659.33106931831,
"HUN","GDEXPRD","TOT","MLN_USD","A","2010",2689.46203956314,
"HUN","GDEXPRD","TOT","MLN_USD","A","2011",2862.50041124372,
"HUN","GDEXPRD","TOT","MLN_USD","A","2012",3006.42937507138,
"HUN","GDEXPRD","TOT","MLN_USD","A","2013",3377.5413385764,
"HUN","GDEXPRD","TOT","MLN_USD","A","2014",3420.02018127353,
"HUN","GDEXPRD","TOT","MLN_USD","A","2015",3533.58957495789,
"HUN","GDEXPRD","TOT","MLN_USD","A","2016",3180.78615381466,
"HUN","GDEXPRD","TOT","MLN_USD","A","2017",3702.21310292703,
"HUN","GDEXPRD","TOT","MLN_USD","A","2018",4465.6547726144,
"HUN","GDEXPRD","TOT","MLN_USD","A","2019",4575.2546128371,
"HUN","GDEXPRD","TOT","MLN_USD","A","2020",4724.14583143419,
"HUN","GDEXPRD","TOT","MLN_USD","A","2021",5227.24822651502,
"ISL","GDEXPRD","TOT","MLN_USD","A","1981",42.3607973248368,
"ISL","GDEXPRD","TOT","MLN_USD","A","1983",44.833855406508,
"ISL","GDEXPRD","TOT","MLN_USD","A","1984",49.5109044464852,
"ISL","GDEXPRD","TOT","MLN_USD","A","1985",51.8478106431921,
"ISL","GDEXPRD","TOT","MLN_USD","A","1986",53.9539057173826,
"ISL","GDEXPRD","TOT","MLN_USD","A","1987",61.7596535274058,
"ISL","GDEXPRD","TOT","MLN_USD","A","1989",80.6923320350669,
"ISL","GDEXPRD","TOT","MLN_USD","A","1990",80.3692857385598,
"ISL","GDEXPRD","TOT","MLN_USD","A","1991",94.8119956134409,
"ISL","GDEXPRD","TOT","MLN_USD","A","1992",105.346388995112,
"ISL","GDEXPRD","TOT","MLN_USD","A","1993",107.117704922308,
"ISL","GDEXPRD","TOT","MLN_USD","A","1994",114.83976345323,
"ISL","GDEXPRD","TOT","MLN_USD","A","1995",128.284617590661,
"ISL","GDEXPRD","TOT","MLN_USD","A","1997",168.973282816592,
"ISL","GDEXPRD","TOT","MLN_USD","A","1998",196.842526671301,
"ISL","GDEXPRD","TOT","MLN_USD","A","1999",234.602230681025,
"ISL","GDEXPRD","TOT","MLN_USD","A","2000",283.427742736239,
"ISL","GDEXPRD","TOT","MLN_USD","A","2001",325.507544361901,
"ISL","GDEXPRD","TOT","MLN_USD","A","2002",325.174749380858,
"ISL","GDEXPRD","TOT","MLN_USD","A","2003",318.520264259805,
"ISL","GDEXPRD","TOT","MLN_USD","A","2005",360.926152841765,
"ISL","GDEXPRD","TOT","MLN_USD","A","2006",408.49395849865,
"ISL","GDEXPRD","TOT","MLN_USD","A","2007",393.377207647713,
"ISL","GDEXPRD","TOT","MLN_USD","A","2008",391.148602218956,
"ISL","GDEXPRD","TOT","MLN_USD","A","2009",380.664732375776,
"ISL","GDEXPRD","TOT","MLN_USD","A","2011",348.646372586617,
"ISL","GDEXPRD","TOT","MLN_USD","A","2013",259.380635140628,
"ISL","GDEXPRD","TOT","MLN_USD","A","2014",301.750502613772,
"ISL","GDEXPRD","TOT","MLN_USD","A","2015",355.052834424328,
"ISL","GDEXPRD","TOT","MLN_USD","A","2016",365.047901884204,
"ISL","GDEXPRD","TOT","MLN_USD","A","2017",375.730612108422,
"ISL","GDEXPRD","TOT","MLN_USD","A","2018",378.273083463822,
"ISL","GDEXPRD","TOT","MLN_USD","A","2019",450.514341667473,
"ISL","GDEXPRD","TOT","MLN_USD","A","2020",446.41945889187,
"ISL","GDEXPRD","TOT","MLN_USD","A","2021",527.39196216874,
"IRL","GDEXPRD","TOT","MLN_USD","A","1981",425.924982282389,
"IRL","GDEXPRD","TOT","MLN_USD","A","1982",433.017339430506,
"IRL","GDEXPRD","TOT","MLN_USD","A","1983",417.001487254959,
"IRL","GDEXPRD","TOT","MLN_USD","A","1984",473.58831994004,
"IRL","GDEXPRD","TOT","MLN_USD","A","1985",529.100163479731,
"IRL","GDEXPRD","TOT","MLN_USD","A","1986",571.495859053329,
"IRL","GDEXPRD","TOT","MLN_USD","A","1987",595.436263835743,
"IRL","GDEXPRD","TOT","MLN_USD","A","1988",602.793188882335,
"IRL","GDEXPRD","TOT","MLN_USD","A","1989",640.606913105374,
"IRL","GDEXPRD","TOT","MLN_USD","A","1990",719.245356553985,
"IRL","GDEXPRD","TOT","MLN_USD","A","1991",826.849172601021,
"IRL","GDEXPRD","TOT","MLN_USD","A","1992",949.1297050667,
"IRL","GDEXPRD","TOT","MLN_USD","A","1993",1103.17640991626,
"IRL","GDEXPRD","TOT","MLN_USD","A","1994",1262.50380043878,
"IRL","GDEXPRD","TOT","MLN_USD","A","1995",1393.55032934691,
"IRL","GDEXPRD","TOT","MLN_USD","A","1996",1552.79374728234,
"IRL","GDEXPRD","TOT","MLN_USD","A","1997",1684.81602353647,
"IRL","GDEXPRD","TOT","MLN_USD","A","1998",1781.34206508596,
"IRL","GDEXPRD","TOT","MLN_USD","A","1999",1876.66694183124,
"IRL","GDEXPRD","TOT","MLN_USD","A","2000",1932.6258819135,
"IRL","GDEXPRD","TOT","MLN_USD","A","2001",1975.28601359959,
"IRL","GDEXPRD","TOT","MLN_USD","A","2002",2099.40802736719,
"IRL","GDEXPRD","TOT","MLN_USD","A","2003",2303.21878835694,
"IRL","GDEXPRD","TOT","MLN_USD","A","2004",2576.43106911513,
"IRL","GDEXPRD","TOT","MLN_USD","A","2005",2757.12550173132,
"IRL","GDEXPRD","TOT","MLN_USD","A","2006",2911.40415142387,
"IRL","GDEXPRD","TOT","MLN_USD","A","2007",3156.0650032908,
"IRL","GDEXPRD","TOT","MLN_USD","A","2008",3398.49619098349,
"IRL","GDEXPRD","TOT","MLN_USD","A","2009",3741.00485444899,
"IRL","GDEXPRD","TOT","MLN_USD","A","2010",3759.31490381258,
"IRL","GDEXPRD","TOT","MLN_USD","A","2011",3690.48029658482,
"IRL","GDEXPRD","TOT","MLN_USD","A","2012",3700.08757692793,
"IRL","GDEXPRD","TOT","MLN_USD","A","2013",3767.76938429503,
"IRL","GDEXPRD","TOT","MLN_USD","A","2014",3971.9550802799,
"IRL","GDEXPRD","TOT","MLN_USD","A","2015",3839.38771751253,
"IRL","GDEXPRD","TOT","MLN_USD","A","2016",3893.06018442079,
"IRL","GDEXPRD","TOT","MLN_USD","A","2017",4520.9949931304,
"IRL","GDEXPRD","TOT","MLN_USD","A","2018",4574.66942434669,
"IRL","GDEXPRD","TOT","MLN_USD","A","2019",5063.5835635302,
"IRL","GDEXPRD","TOT","MLN_USD","A","2020",5408.54133591303,
"IRL","GDEXPRD","TOT","MLN_USD","A","2021",5263.5935718642,
"ITA","GDEXPRD","TOT","MLN_USD","A","1981",12535.0840666319,
"ITA","GDEXPRD","TOT","MLN_USD","A","1982",12926.9105854522,
"ITA","GDEXPRD","TOT","MLN_USD","A","1983",13770.5044505599,
"ITA","GDEXPRD","TOT","MLN_USD","A","1984",15105.8178788795,
"ITA","GDEXPRD","TOT","MLN_USD","A","1985",17256.1988035195,
"ITA","GDEXPRD","TOT","MLN_USD","A","1986",17910.6833006434,
"ITA","GDEXPRD","TOT","MLN_USD","A","1987",19394.0910419599,
"ITA","GDEXPRD","TOT","MLN_USD","A","1988",20649.4426895575,
"ITA","GDEXPRD","TOT","MLN_USD","A","1989",21668.8459998748,
"ITA","GDEXPRD","TOT","MLN_USD","A","1990",22853.3877606964,
"ITA","GDEXPRD","TOT","MLN_USD","A","1991",22062.6210327683,
"ITA","GDEXPRD","TOT","MLN_USD","A","1992",21499.2188808066,
"ITA","GDEXPRD","TOT","MLN_USD","A","1993",20297.761008959,
"ITA","GDEXPRD","TOT","MLN_USD","A","1994",19353.5853319274,
"ITA","GDEXPRD","TOT","MLN_USD","A","1995",18949.0169442561,
"ITA","GDEXPRD","TOT","MLN_USD","A","1996",19442.5815889396,
"ITA","GDEXPRD","TOT","MLN_USD","A","1997",20673.0381323843,
"ITA","GDEXPRD","TOT","MLN_USD","A","1998",21413.4114058132,
"ITA","GDEXPRD","TOT","MLN_USD","A","1999",21237.0617693102,
"ITA","GDEXPRD","TOT","MLN_USD","A","2000",22557.9986019993,
"ITA","GDEXPRD","TOT","MLN_USD","A","2001",23847.5340037352,
"ITA","GDEXPRD","TOT","MLN_USD","A","2002",24839.2667984316,
"ITA","GDEXPRD","TOT","MLN_USD","A","2003",24360.8185756064,
"ITA","GDEXPRD","TOT","MLN_USD","A","2004",24504.8313667959,
"ITA","GDEXPRD","TOT","MLN_USD","A","2005",24566.4563439304,
"ITA","GDEXPRD","TOT","MLN_USD","A","2006",25955.9863915241,
"ITA","GDEXPRD","TOT","MLN_USD","A","2007",27435.0047592819,
"ITA","GDEXPRD","TOT","MLN_USD","A","2008",27910.7222648196,
"ITA","GDEXPRD","TOT","MLN_USD","A","2009",27762.3521182385,
"ITA","GDEXPRD","TOT","MLN_USD","A","2010",28240.21423969,
"ITA","GDEXPRD","TOT","MLN_USD","A","2011",28056.5184728841,
"ITA","GDEXPRD","TOT","MLN_USD","A","2012",28593.9782957548,
"ITA","GDEXPRD","TOT","MLN_USD","A","2013",28932.2218752498,
"ITA","GDEXPRD","TOT","MLN_USD","A","2014",29760.9835086774,
"ITA","GDEXPRD","TOT","MLN_USD","A","2015",29994.846699333,
"ITA","GDEXPRD","TOT","MLN_USD","A","2016",31016.5328532211,
"ITA","GDEXPRD","TOT","MLN_USD","A","2017",31619.5003278472,
"ITA","GDEXPRD","TOT","MLN_USD","A","2018",33176.8808543729,
"ITA","GDEXPRD","TOT","MLN_USD","A","2019",34206.8925545172,
"ITA","GDEXPRD","TOT","MLN_USD","A","2020",32098.4749276397,
"ITA","GDEXPRD","TOT","MLN_USD","A","2021",33805.9442999265,
"JPN","GDEXPRD","TOT","MLN_USD","A","1981",55196.0801447655,
"JPN","GDEXPRD","TOT","MLN_USD","A","1982",59289.3091263123,
"JPN","GDEXPRD","TOT","MLN_USD","A","1983",64670.3480152432,
"JPN","GDEXPRD","TOT","MLN_USD","A","1984",70318.8100705353,
"JPN","GDEXPRD","TOT","MLN_USD","A","1985",78689.5769656827,
"JPN","GDEXPRD","TOT","MLN_USD","A","1986",80136.8620875663,
"JPN","GDEXPRD","TOT","MLN_USD","A","1987",85886.6420071372,
"JPN","GDEXPRD","TOT","MLN_USD","A","1988",92538.223233375,
"JPN","GDEXPRD","TOT","MLN_USD","A","1989",101101.330263179,
"JPN","GDEXPRD","TOT","MLN_USD","A","1990",109272.576419762,
"JPN","GDEXPRD","TOT","MLN_USD","A","1991",111778.573738083,
"JPN","GDEXPRD","TOT","MLN_USD","A","1992",110591.530403482,
"JPN","GDEXPRD","TOT","MLN_USD","A","1993",107773.987631157,
"JPN","GDEXPRD","TOT","MLN_USD","A","1994",106644.52340982,
"JPN","GDEXPRD","TOT","MLN_USD","A","1995",113506.832537883,
"JPN","GDEXPRD","TOT","MLN_USD","A","1996",120718.350539604,
"JPN","GDEXPRD","TOT","MLN_USD","A","1997",125534.413115033,
"JPN","GDEXPRD","TOT","MLN_USD","A","1998",128752.286705296,
"JPN","GDEXPRD","TOT","MLN_USD","A","1999",129196.742819176,
"JPN","GDEXPRD","TOT","MLN_USD","A","2000",133313.802786243,
"JPN","GDEXPRD","TOT","MLN_USD","A","2001",136875.382784283,
"JPN","GDEXPRD","TOT","MLN_USD","A","2002",138883.76212066,
"JPN","GDEXPRD","TOT","MLN_USD","A","2003",142350.183210128,
"JPN","GDEXPRD","TOT","MLN_USD","A","2004",144881.418819039,
"JPN","GDEXPRD","TOT","MLN_USD","A","2005",154899.897335988,
"JPN","GDEXPRD","TOT","MLN_USD","A","2006",161877.319772383,
"JPN","GDEXPRD","TOT","MLN_USD","A","2007",167583.607628083,
"JPN","GDEXPRD","TOT","MLN_USD","A","2008",165515.151500138,
"JPN","GDEXPRD","TOT","MLN_USD","A","2009",151524.276807069,
"JPN","GDEXPRD","TOT","MLN_USD","A","2010",153244.926262932,
"JPN","GDEXPRD","TOT","MLN_USD","A","2011",158238.562709329,
"JPN","GDEXPRD","TOT","MLN_USD","A","2012",158829.473590394,
"JPN","GDEXPRD","TOT","MLN_USD","A","2013",167387.098458661,
"JPN","GDEXPRD","TOT","MLN_USD","A","2014",172435.579472777,
"JPN","GDEXPRD","TOT","MLN_USD","A","2015",168514.031992379,
"JPN","GDEXPRD","TOT","MLN_USD","A","2016",162761.260185874,
"JPN","GDEXPRD","TOT","MLN_USD","A","2017",168668.186352487,
"JPN","GDEXPRD","TOT","MLN_USD","A","2018",172586.210937616,
"JPN","GDEXPRD","TOT","MLN_USD","A","2019",171840.935909874,
"JPN","GDEXPRD","TOT","MLN_USD","A","2020",167081.614070721,
"JPN","GDEXPRD","TOT","MLN_USD","A","2021",172062.488776545,
"KOR","GDEXPRD","TOT","MLN_USD","A","1991",10061.8091073376,
"KOR","GDEXPRD","TOT","MLN_USD","A","1992",11200.3541821844,
"KOR","GDEXPRD","TOT","MLN_USD","A","1993",13000.3140503865,
"KOR","GDEXPRD","TOT","MLN_USD","A","1994",15422.1098840886,
"KOR","GDEXPRD","TOT","MLN_USD","A","1995",17231.458818423,
"KOR","GDEXPRD","TOT","MLN_USD","A","1996",19071.197468841,
"KOR","GDEXPRD","TOT","MLN_USD","A","1997",20541.5943022647,
"KOR","GDEXPRD","TOT","MLN_USD","A","1998",18291.4068341339,
"KOR","GDEXPRD","TOT","MLN_USD","A","1999",19475.0212628184,
"KOR","GDEXPRD","TOT","MLN_USD","A","2000",22393.6905171514,
"KOR","GDEXPRD","TOT","MLN_USD","A","2001",25175.7472279375,
"KOR","GDEXPRD","TOT","MLN_USD","A","2002",26276.718222568,
"KOR","GDEXPRD","TOT","MLN_USD","A","2003",27956.7083697991,
"KOR","GDEXPRD","TOT","MLN_USD","A","2004",31539.5465831742,
"KOR","GDEXPRD","TOT","MLN_USD","A","2005",33986.3407990567,
"KOR","GDEXPRD","TOT","MLN_USD","A","2006",38561.1031489461,
"KOR","GDEXPRD","TOT","MLN_USD","A","2007",43096.5419963392,
"KOR","GDEXPRD","TOT","MLN_USD","A","2008",46192.2752643363,
"KOR","GDEXPRD","TOT","MLN_USD","A","2009",49016.7442735688,
"KOR","GDEXPRD","TOT","MLN_USD","A","2010",55165.4623892361,
"KOR","GDEXPRD","TOT","MLN_USD","A","2011",61963.4020987878,
"KOR","GDEXPRD","TOT","MLN_USD","A","2012",68017.046926153,
"KOR","GDEXPRD","TOT","MLN_USD","A","2013",72007.189139609,
"KOR","GDEXPRD","TOT","MLN_USD","A","2014",76694.7086639688,
"KOR","GDEXPRD","TOT","MLN_USD","A","2015",76922.04037023,
"KOR","GDEXPRD","TOT","MLN_USD","A","2016",79364.7471271804,
"KOR","GDEXPRD","TOT","MLN_USD","A","2017",88135.828288658,
"KOR","GDEXPRD","TOT","MLN_USD","A","2018",95437.6659429012,
"KOR","GDEXPRD","TOT","MLN_USD","A","2019",99970.920846719,
"KOR","GDEXPRD","TOT","MLN_USD","A","2020",102880.45893911,
"KOR","GDEXPRD","TOT","MLN_USD","A","2021",110148.077363916,
"LUX","GDEXPRD","TOT","MLN_USD","A","2000",653.639328281725,
"LUX","GDEXPRD","TOT","MLN_USD","A","2003",731.878471089329,
"LUX","GDEXPRD","TOT","MLN_USD","A","2004",746.257595391472,
"LUX","GDEXPRD","TOT","MLN_USD","A","2005",750.603503942845,
"LUX","GDEXPRD","TOT","MLN_USD","A","2006",841.778385083984,
"LUX","GDEXPRD","TOT","MLN_USD","A","2007",867.341006631681,
"LUX","GDEXPRD","TOT","MLN_USD","A","2008",850.969935704225,
"LUX","GDEXPRD","TOT","MLN_USD","A","2009",845.642317194713,
"LUX","GDEXPRD","TOT","MLN_USD","A","2010",786.479552403766,
"LUX","GDEXPRD","TOT","MLN_USD","A","2011",795.13817115929,
"LUX","GDEXPRD","TOT","MLN_USD","A","2012",684.629473055437,
"LUX","GDEXPRD","TOT","MLN_USD","A","2013",722.248869587388,
"LUX","GDEXPRD","TOT","MLN_USD","A","2014",731.09708391776,
"LUX","GDEXPRD","TOT","MLN_USD","A","2015",769.351921645869,
"LUX","GDEXPRD","TOT","MLN_USD","A","2016",817.096767297365,
"LUX","GDEXPRD","TOT","MLN_USD","A","2017",809.615525134316,
"LUX","GDEXPRD","TOT","MLN_USD","A","2018",775.052874535363,
"LUX","GDEXPRD","TOT","MLN_USD","A","2019",800.526755803187,
"LUX","GDEXPRD","TOT","MLN_USD","A","2020",713.019988316994,
"LUX","GDEXPRD","TOT","MLN_USD","A","2021",721.71822210093,
"MEX","GDEXPRD","TOT","MLN_USD","A","1993",2323.37664479847,
"MEX","GDEXPRD","TOT","MLN_USD","A","1994",3219.5474976491,
"MEX","GDEXPRD","TOT","MLN_USD","A","1995",3172.20477916917,
"MEX","GDEXPRD","TOT","MLN_USD","A","1996",3450.70112582019,
"MEX","GDEXPRD","TOT","MLN_USD","A","1997",4062.46143065415,
"MEX","GDEXPRD","TOT","MLN_USD","A","1998",4670.71046191735,
"MEX","GDEXPRD","TOT","MLN_USD","A","1999",5469.12207586054,
"MEX","GDEXPRD","TOT","MLN_USD","A","2000",5106.18939454086,
"MEX","GDEXPRD","TOT","MLN_USD","A","2001",5385.3055379243,
"MEX","GDEXPRD","TOT","MLN_USD","A","2002",5883.25480735052,
"MEX","GDEXPRD","TOT","MLN_USD","A","2003",6622.68619628297,
"MEX","GDEXPRD","TOT","MLN_USD","A","2004",6795.21645487148,
"MEX","GDEXPRD","TOT","MLN_USD","A","2005",7136.07703677821,
"MEX","GDEXPRD","TOT","MLN_USD","A","2006",6909.96685129825,
"MEX","GDEXPRD","TOT","MLN_USD","A","2007",7625.71236965912,
"MEX","GDEXPRD","TOT","MLN_USD","A","2008",8594.63523372432,
"MEX","GDEXPRD","TOT","MLN_USD","A","2009",8794.49123714754,
"MEX","GDEXPRD","TOT","MLN_USD","A","2010",9539.74776392852,
"MEX","GDEXPRD","TOT","MLN_USD","A","2011",9418.41703070957,
"MEX","GDEXPRD","TOT","MLN_USD","A","2012",8719.00374748822,
"MEX","GDEXPRD","TOT","MLN_USD","A","2013",8922.45802852889,
"MEX","GDEXPRD","TOT","MLN_USD","A","2014",9398.5249946441,
"MEX","GDEXPRD","TOT","MLN_USD","A","2015",9577.03685383008,
"MEX","GDEXPRD","TOT","MLN_USD","A","2016",8875.62936028154,
"MEX","GDEXPRD","TOT","MLN_USD","A","2017",7673.48770386878,
"MEX","GDEXPRD","TOT","MLN_USD","A","2018",7335.3789307757,
"MEX","GDEXPRD","TOT","MLN_USD","A","2019",6768.36600362221,
"MEX","GDEXPRD","TOT","MLN_USD","A","2020",6500.74682091519,
"NLD","GDEXPRD","TOT","MLN_USD","A","1981",6680.61268402729,
"NLD","GDEXPRD","TOT","MLN_USD","A","1982",7001.51606063539,
"NLD","GDEXPRD","TOT","MLN_USD","A","1983",7299.03290937625,
"NLD","GDEXPRD","TOT","MLN_USD","A","1984",7276.21432378411,
"NLD","GDEXPRD","TOT","MLN_USD","A","1985",8036.92044625768,
"NLD","GDEXPRD","TOT","MLN_USD","A","1986",8739.61009594354,
"NLD","GDEXPRD","TOT","MLN_USD","A","1987",9301.86423280162,
"NLD","GDEXPRD","TOT","MLN_USD","A","1988",9339.27310777538,
"NLD","GDEXPRD","TOT","MLN_USD","A","1989",9314.79978604892,
"NLD","GDEXPRD","TOT","MLN_USD","A","1990",9917.2230046547,
"NLD","GDEXPRD","TOT","MLN_USD","A","1991",9623.49419120728,
"NLD","GDEXPRD","TOT","MLN_USD","A","1992",9449.1413181794,
"NLD","GDEXPRD","TOT","MLN_USD","A","1993",9683.86711443755,
"NLD","GDEXPRD","TOT","MLN_USD","A","1994",10171.6368415784,
"NLD","GDEXPRD","TOT","MLN_USD","A","1995",10565.2944199061,
"NLD","GDEXPRD","TOT","MLN_USD","A","1996",11044.2422999383,
"NLD","GDEXPRD","TOT","MLN_USD","A","1997",11546.4197873637,
"NLD","GDEXPRD","TOT","MLN_USD","A","1998",11412.0919467733,
"NLD","GDEXPRD","TOT","MLN_USD","A","1999",12542.267060926,
"NLD","GDEXPRD","TOT","MLN_USD","A","2000",12831.6996430485,
"NLD","GDEXPRD","TOT","MLN_USD","A","2001",13176.4417012774,
"NLD","GDEXPRD","TOT","MLN_USD","A","2002",12832.6431250082,
"NLD","GDEXPRD","TOT","MLN_USD","A","2003",13135.8616642669,
"NLD","GDEXPRD","TOT","MLN_USD","A","2004",13435.0310515775,
"NLD","GDEXPRD","TOT","MLN_USD","A","2005",13594.5798502639,
"NLD","GDEXPRD","TOT","MLN_USD","A","2006",13801.7466969648,
"NLD","GDEXPRD","TOT","MLN_USD","A","2007",13743.4785290712,
"NLD","GDEXPRD","TOT","MLN_USD","A","2008",13641.4853833355,
"NLD","GDEXPRD","TOT","MLN_USD","A","2009",13489.6130626431,
"NLD","GDEXPRD","TOT","MLN_USD","A","2010",13985.3957929031,
"NLD","GDEXPRD","TOT","MLN_USD","A","2011",15679.8366272969,
"NLD","GDEXPRD","TOT","MLN_USD","A","2012",15806.6429515263,
"NLD","GDEXPRD","TOT","MLN_USD","A","2013",17761.4279046715,
"NLD","GDEXPRD","TOT","MLN_USD","A","2014",18158.2422344335,
"NLD","GDEXPRD","TOT","MLN_USD","A","2015",18281.9743951097,
"NLD","GDEXPRD","TOT","MLN_USD","A","2016",18724.0171214824,
"NLD","GDEXPRD","TOT","MLN_USD","A","2017",19517.701300515,
"NLD","GDEXPRD","TOT","MLN_USD","A","2018",19613.781376538,
"NLD","GDEXPRD","TOT","MLN_USD","A","2019",20423.3094367921,
"NLD","GDEXPRD","TOT","MLN_USD","A","2020",20864.9846309582,
"NLD","GDEXPRD","TOT","MLN_USD","A","2021",21256.0797310043,
"NZL","GDEXPRD","TOT","MLN_USD","A","1981",722.712590347264,
"NZL","GDEXPRD","TOT","MLN_USD","A","1983",673.756877827732,
"NZL","GDEXPRD","TOT","MLN_USD","A","1989",693.792374604501,
"NZL","GDEXPRD","TOT","MLN_USD","A","1990",797.927564244771,
"NZL","GDEXPRD","TOT","MLN_USD","A","1991",776.066374818852,
"NZL","GDEXPRD","TOT","MLN_USD","A","1992",806.502985043938,
"NZL","GDEXPRD","TOT","MLN_USD","A","1993",869.343114897224,
"NZL","GDEXPRD","TOT","MLN_USD","A","1995",905.157069393142,
"NZL","GDEXPRD","TOT","MLN_USD","A","1997",1102.98215979709,
"NZL","GDEXPRD","TOT","MLN_USD","A","1999",1070.6449314996,
"NZL","GDEXPRD","TOT","MLN_USD","A","2001",1300.03488156699,
"NZL","GDEXPRD","TOT","MLN_USD","A","2003",1490.57815616548,
"NZL","GDEXPRD","TOT","MLN_USD","A","2005",1548.2709082186,
"NZL","GDEXPRD","TOT","MLN_USD","A","2007",1700.20755429534,
"NZL","GDEXPRD","TOT","MLN_USD","A","2009",1845.94721883123,
"NZL","GDEXPRD","TOT","MLN_USD","A","2011",1881.48605105442,
"NZL","GDEXPRD","TOT","MLN_USD","A","2013",1843.46751294866,
"NZL","GDEXPRD","TOT","MLN_USD","A","2015",2121.76558428145,
"NZL","GDEXPRD","TOT","MLN_USD","A","2017",2525.67257377794,
"NZL","GDEXPRD","TOT","MLN_USD","A","2019",2801.22078171968,
"NOR","GDEXPRD","TOT","MLN_USD","A","1981",1496.29683102066,
"NOR","GDEXPRD","TOT","MLN_USD","A","1982",1585.76686936241,
"NOR","GDEXPRD","TOT","MLN_USD","A","1983",1686.86862107943,
"NOR","GDEXPRD","TOT","MLN_USD","A","1984",1907.65757356215,
"NOR","GDEXPRD","TOT","MLN_USD","A","1985",2128.03381690795,
"NOR","GDEXPRD","TOT","MLN_USD","A","1987",2299.05637105914,
"NOR","GDEXPRD","TOT","MLN_USD","A","1989",2346.58651494847,
"NOR","GDEXPRD","TOT","MLN_USD","A","1991",2424.01775189738,
"NOR","GDEXPRD","TOT","MLN_USD","A","1993",2643.84872069985,
"NOR","GDEXPRD","TOT","MLN_USD","A","1995",2827.64980202316,
"NOR","GDEXPRD","TOT","MLN_USD","A","1997",3101.71917994307,
"NOR","GDEXPRD","TOT","MLN_USD","A","1999",3284.38938835714,
"NOR","GDEXPRD","TOT","MLN_USD","A","2001",3687.8617755986,
"NOR","GDEXPRD","TOT","MLN_USD","A","2002",3773.43138941697,
"NOR","GDEXPRD","TOT","MLN_USD","A","2003",3928.27250018281,
"NOR","GDEXPRD","TOT","MLN_USD","A","2004",3881.67173859871,
"NOR","GDEXPRD","TOT","MLN_USD","A","2005",4058.0810629294,
"NOR","GDEXPRD","TOT","MLN_USD","A","2006",4276.66635038878,
"NOR","GDEXPRD","TOT","MLN_USD","A","2007",4690.17102573108,
"NOR","GDEXPRD","TOT","MLN_USD","A","2008",4934.37731718601,
"NOR","GDEXPRD","TOT","MLN_USD","A","2009",4959.53094435817,
"NOR","GDEXPRD","TOT","MLN_USD","A","2010",4890.23841415611,
"NOR","GDEXPRD","TOT","MLN_USD","A","2011",5046.40713249906,
"NOR","GDEXPRD","TOT","MLN_USD","A","2012",5203.21121715082,
"NOR","GDEXPRD","TOT","MLN_USD","A","2013",5350.14734142127,
"NOR","GDEXPRD","TOT","MLN_USD","A","2014",5532.07950462601,
"NOR","GDEXPRD","TOT","MLN_USD","A","2015",6061.82754730519,
"NOR","GDEXPRD","TOT","MLN_USD","A","2016",6253.07631437807,
"NOR","GDEXPRD","TOT","MLN_USD","A","2017",6677.53574995127,
"NOR","GDEXPRD","TOT","MLN_USD","A","2018",6801.20344447878,
"NOR","GDEXPRD","TOT","MLN_USD","A","2019",6990.02849114199,
"NOR","GDEXPRD","TOT","MLN_USD","A","2020",6826.56114662521,
"NOR","GDEXPRD","TOT","MLN_USD","A","2021",7009.05383934986,
"POL","GDEXPRD","TOT","MLN_USD","A","1990",3579.14864645427,
"POL","GDEXPRD","TOT","MLN_USD","A","1991",2797.51590931706,
"POL","GDEXPRD","TOT","MLN_USD","A","1992",2949.01441346154,
"POL","GDEXPRD","TOT","MLN_USD","A","1993",3057.75935652902,
"POL","GDEXPRD","TOT","MLN_USD","A","1994",2961.09658446971,
"POL","GDEXPRD","TOT","MLN_USD","A","1995",2867.38140500448,
"POL","GDEXPRD","TOT","MLN_USD","A","1996",3147.44451958543,
"POL","GDEXPRD","TOT","MLN_USD","A","1997",3370.26938009449,
"POL","GDEXPRD","TOT","MLN_USD","A","1998",3617.44054796405,
"POL","GDEXPRD","TOT","MLN_USD","A","1999",3905.42832947104,
"POL","GDEXPRD","TOT","MLN_USD","A","2000",3844.90759417963,
"POL","GDEXPRD","TOT","MLN_USD","A","2001",3776.70670994177,
"POL","GDEXPRD","TOT","MLN_USD","A","2002",3451.63079108613,
"POL","GDEXPRD","TOT","MLN_USD","A","2003",3452.46975819775,
"POL","GDEXPRD","TOT","MLN_USD","A","2004",3721.740816025,
"POL","GDEXPRD","TOT","MLN_USD","A","2005",3923.95028681712,
"POL","GDEXPRD","TOT","MLN_USD","A","2006",4077.52805162536,
"POL","GDEXPRD","TOT","MLN_USD","A","2007",4451.90686376708,
"POL","GDEXPRD","TOT","MLN_USD","A","2008",4948.49731864093,
"POL","GDEXPRD","TOT","MLN_USD","A","2009",5611.75450672743,
"POL","GDEXPRD","TOT","MLN_USD","A","2010",6345.53808035739,
"POL","GDEXPRD","TOT","MLN_USD","A","2011",6904.38043870345,
"POL","GDEXPRD","TOT","MLN_USD","A","2012",8295.041315744,
"POL","GDEXPRD","TOT","MLN_USD","A","2013",8317.74571031758,
"POL","GDEXPRD","TOT","MLN_USD","A","2014",9280.48848963077,
"POL","GDEXPRD","TOT","MLN_USD","A","2015",10232.0166122894,
"POL","GDEXPRD","TOT","MLN_USD","A","2016",10156.471254968,
"POL","GDEXPRD","TOT","MLN_USD","A","2017",11446.5712056079,
"POL","GDEXPRD","TOT","MLN_USD","A","2018",14093.017096598,
"POL","GDEXPRD","TOT","MLN_USD","A","2019",16151.2015752871,
"POL","GDEXPRD","TOT","MLN_USD","A","2020",16575.0774897665,
"POL","GDEXPRD","TOT","MLN_USD","A","2021",18345.915175881,
"PRT","GDEXPRD","TOT","MLN_USD","A","1982",455.499285402587,
"PRT","GDEXPRD","TOT","MLN_USD","A","1983",498.738528422543,
"PRT","GDEXPRD","TOT","MLN_USD","A","1984",506.853477022879,
"PRT","GDEXPRD","TOT","MLN_USD","A","1985",573.954369929159,
"PRT","GDEXPRD","TOT","MLN_USD","A","1986",607.341044246083,
"PRT","GDEXPRD","TOT","MLN_USD","A","1987",691.072382410953,
"PRT","GDEXPRD","TOT","MLN_USD","A","1988",747.086735607316,
"PRT","GDEXPRD","TOT","MLN_USD","A","1989",925.994334619893,
"PRT","GDEXPRD","TOT","MLN_USD","A","1990",1039.35672214318,
"PRT","GDEXPRD","TOT","MLN_USD","A","1991",1201.47847865613,
"PRT","GDEXPRD","TOT","MLN_USD","A","1992",1308.99855949906,
"PRT","GDEXPRD","TOT","MLN_USD","A","1993",1276.15952635671,
"PRT","GDEXPRD","TOT","MLN_USD","A","1994",1245.29019249443,
"PRT","GDEXPRD","TOT","MLN_USD","A","1995",1260.38900618297,
"PRT","GDEXPRD","TOT","MLN_USD","A","1996",1387.28309553822,
"PRT","GDEXPRD","TOT","MLN_USD","A","1997",1485.87966721681,
"PRT","GDEXPRD","TOT","MLN_USD","A","1998",1726.14972049562,
"PRT","GDEXPRD","TOT","MLN_USD","A","1999",1955.32994960031,
"PRT","GDEXPRD","TOT","MLN_USD","A","2000",2150.20062949788,
"PRT","GDEXPRD","TOT","MLN_USD","A","2001",2323.39961845335,
"PRT","GDEXPRD","TOT","MLN_USD","A","2002",2209.72842206077,
"PRT","GDEXPRD","TOT","MLN_USD","A","2003",2116.9373517094,
"PRT","GDEXPRD","TOT","MLN_USD","A","2004",2251.36750174393,
"PRT","GDEXPRD","TOT","MLN_USD","A","2005",2356.85392724934,
"PRT","GDEXPRD","TOT","MLN_USD","A","2006",3017.79867502248,
"PRT","GDEXPRD","TOT","MLN_USD","A","2007",3643.40608291644,
"PRT","GDEXPRD","TOT","MLN_USD","A","2008",4692.78297570687,
"PRT","GDEXPRD","TOT","MLN_USD","A","2009",4976.73706475702,
"PRT","GDEXPRD","TOT","MLN_USD","A","2010",4919.91758443668,
"PRT","GDEXPRD","TOT","MLN_USD","A","2011",4591.12812203211,
"PRT","GDEXPRD","TOT","MLN_USD","A","2012",4166.66573046153,
"PRT","GDEXPRD","TOT","MLN_USD","A","2013",3966.7308843833,
"PRT","GDEXPRD","TOT","MLN_USD","A","2014",3893.24323868882,
"PRT","GDEXPRD","TOT","MLN_USD","A","2015",3819.78435318255,
"PRT","GDEXPRD","TOT","MLN_USD","A","2016",4014.3099163678,
"PRT","GDEXPRD","TOT","MLN_USD","A","2017",4280.08032024468,
"PRT","GDEXPRD","TOT","MLN_USD","A","2018",4503.03916657353,
"PRT","GDEXPRD","TOT","MLN_USD","A","2019",4781.68782642758,
"PRT","GDEXPRD","TOT","MLN_USD","A","2020",5070.62351480072,
"PRT","GDEXPRD","TOT","MLN_USD","A","2021",5502.7273059383,
"SVK","GDEXPRD","TOT","MLN_USD","A","1992",1117.68195426604,
"SVK","GDEXPRD","TOT","MLN_USD","A","1993",878.929688296139,
"SVK","GDEXPRD","TOT","MLN_USD","A","1994",612.046556069271,
"SVK","GDEXPRD","TOT","MLN_USD","A","1995",669.14588576241,
"SVK","GDEXPRD","TOT","MLN_USD","A","1996",703.342666505024,
"SVK","GDEXPRD","TOT","MLN_USD","A","1997",880.233048937722,
"SVK","GDEXPRD","TOT","MLN_USD","A","1998",667.12565926451,
"SVK","GDEXPRD","TOT","MLN_USD","A","1999",561.363081875583,
"SVK","GDEXPRD","TOT","MLN_USD","A","2000",562.022543235565,
"SVK","GDEXPRD","TOT","MLN_USD","A","2001",568.11093814911,
"SVK","GDEXPRD","TOT","MLN_USD","A","2002",535.261693674811,
"SVK","GDEXPRD","TOT","MLN_USD","A","2003",563.00677695073,
"SVK","GDEXPRD","TOT","MLN_USD","A","2004",528.58043195925,
"SVK","GDEXPRD","TOT","MLN_USD","A","2005",555.288198463197,
"SVK","GDEXPRD","TOT","MLN_USD","A","2006",579.935176213855,
"SVK","GDEXPRD","TOT","MLN_USD","A","2007",605.638150933675,
"SVK","GDEXPRD","TOT","MLN_USD","A","2008",659.287819397951,
"SVK","GDEXPRD","TOT","MLN_USD","A","2009",638.652007173381,
"SVK","GDEXPRD","TOT","MLN_USD","A","2010",872.972507556671,
"SVK","GDEXPRD","TOT","MLN_USD","A","2011",965.948350389495,
"SVK","GDEXPRD","TOT","MLN_USD","A","2012",1191.74688999904,
"SVK","GDEXPRD","TOT","MLN_USD","A","2013",1237.67776205264,
"SVK","GDEXPRD","TOT","MLN_USD","A","2014",1359.34232158408,
"SVK","GDEXPRD","TOT","MLN_USD","A","2015",1886.43078475233,
"SVK","GDEXPRD","TOT","MLN_USD","A","2016",1310.42009264012,
"SVK","GDEXPRD","TOT","MLN_USD","A","2017",1513.1142595951,
"SVK","GDEXPRD","TOT","MLN_USD","A","2018",1486.8837689918,
"SVK","GDEXPRD","TOT","MLN_USD","A","2019",1500.23596825147,
"SVK","GDEXPRD","TOT","MLN_USD","A","2020",1583.13108425898,
"SVK","GDEXPRD","TOT","MLN_USD","A","2021",1692.66000767334,
"ESP","GDEXPRD","TOT","MLN_USD","A","1981",2907.26276698501,
"ESP","GDEXPRD","TOT","MLN_USD","A","1982",3374.77555109782,
"ESP","GDEXPRD","TOT","MLN_USD","A","1983",3382.72104872733,
"ESP","GDEXPRD","TOT","MLN_USD","A","1984",3576.49951414094,
"ESP","GDEXPRD","TOT","MLN_USD","A","1985",4053.93336843831,
"ESP","GDEXPRD","TOT","MLN_USD","A","1986",4652.60167165001,
"ESP","GDEXPRD","TOT","MLN_USD","A","1987",5120.97476355574,
"ESP","GDEXPRD","TOT","MLN_USD","A","1988",6033.14714545343,
"ESP","GDEXPRD","TOT","MLN_USD","A","1989",6656.92260777415,
"ESP","GDEXPRD","TOT","MLN_USD","A","1990",7783.73239948034,
"ESP","GDEXPRD","TOT","MLN_USD","A","1991",8194.16626427989,
"ESP","GDEXPRD","TOT","MLN_USD","A","1992",8648.7306112325,
"ESP","GDEXPRD","TOT","MLN_USD","A","1993",8541.24632980958,
"ESP","GDEXPRD","TOT","MLN_USD","A","1994",8085.80749953619,
"ESP","GDEXPRD","TOT","MLN_USD","A","1995",8303.61464955882,
"ESP","GDEXPRD","TOT","MLN_USD","A","1996",8709.84554823973,
"ESP","GDEXPRD","TOT","MLN_USD","A","1997",8920.77637158604,
"ESP","GDEXPRD","TOT","MLN_USD","A","1998",10153.5210321702,
"ESP","GDEXPRD","TOT","MLN_USD","A","1999",10490.6436253875,
"ESP","GDEXPRD","TOT","MLN_USD","A","2000",11623.2961350354,
"ESP","GDEXPRD","TOT","MLN_USD","A","2001",12156.6765015907,
"ESP","GDEXPRD","TOT","MLN_USD","A","2002",13492.1387206562,
"ESP","GDEXPRD","TOT","MLN_USD","A","2003",14821.3040144458,
"ESP","GDEXPRD","TOT","MLN_USD","A","2004",15540.2763408337,
"ESP","GDEXPRD","TOT","MLN_USD","A","2005",17015.8442844428,
"ESP","GDEXPRD","TOT","MLN_USD","A","2006",18961.8217309115,
"ESP","GDEXPRD","TOT","MLN_USD","A","2007",20705.3187821109,
"ESP","GDEXPRD","TOT","MLN_USD","A","2008",22311.3430432554,
"ESP","GDEXPRD","TOT","MLN_USD","A","2009",22097.8846150625,
"ESP","GDEXPRD","TOT","MLN_USD","A","2010",22074.2788781199,
"ESP","GDEXPRD","TOT","MLN_USD","A","2011",21466.9677046765,
"ESP","GDEXPRD","TOT","MLN_USD","A","2012",20290.5430282631,
"ESP","GDEXPRD","TOT","MLN_USD","A","2013",19636.9770059184,
"ESP","GDEXPRD","TOT","MLN_USD","A","2014",19392.0477215219,
"ESP","GDEXPRD","TOT","MLN_USD","A","2015",19815.2653142399,
"ESP","GDEXPRD","TOT","MLN_USD","A","2016",19883.6032038743,
"ESP","GDEXPRD","TOT","MLN_USD","A","2017",20817.9129732408,
"ESP","GDEXPRD","TOT","MLN_USD","A","2018",21852.1675113243,
"ESP","GDEXPRD","TOT","MLN_USD","A","2019",22442.6013509614,
"ESP","GDEXPRD","TOT","MLN_USD","A","2020",22449.9405923208,
"ESP","GDEXPRD","TOT","MLN_USD","A","2021",24006.5095293373,
"SWE","GDEXPRD","TOT","MLN_USD","A","1981",4622.67839423537,
"SWE","GDEXPRD","TOT","MLN_USD","A","1983",5311.45342388509,
"SWE","GDEXPRD","TOT","MLN_USD","A","1985",6371.92547850577,
"SWE","GDEXPRD","TOT","MLN_USD","A","1987",6996.50666257631,
"SWE","GDEXPRD","TOT","MLN_USD","A","1989",7221.68092079594,
"SWE","GDEXPRD","TOT","MLN_USD","A","1991",7016.20040855809,
"SWE","GDEXPRD","TOT","MLN_USD","A","1993",7974.93153541218,
"SWE","GDEXPRD","TOT","MLN_USD","A","1995",9018.42396142506,
"SWE","GDEXPRD","TOT","MLN_USD","A","1997",9986.65339841478,
"SWE","GDEXPRD","TOT","MLN_USD","A","1999",11215.8601010866,
"SWE","GDEXPRD","TOT","MLN_USD","A","2001",13657.0180982747,
"SWE","GDEXPRD","TOT","MLN_USD","A","2003",13194.505219023,
"SWE","GDEXPRD","TOT","MLN_USD","A","2004",12927.5752332636,
"SWE","GDEXPRD","TOT","MLN_USD","A","2005",13290.368739212,
"SWE","GDEXPRD","TOT","MLN_USD","A","2006",14387.959231698,
"SWE","GDEXPRD","TOT","MLN_USD","A","2007",13849.904012322,
"SWE","GDEXPRD","TOT","MLN_USD","A","2008",14794.4154782497,
"SWE","GDEXPRD","TOT","MLN_USD","A","2009",13847.6478810415,
"SWE","GDEXPRD","TOT","MLN_USD","A","2010",13689.2473071266,
"SWE","GDEXPRD","TOT","MLN_USD","A","2011",14211.9764761301,
"SWE","GDEXPRD","TOT","MLN_USD","A","2012",14320.0147117295,
"SWE","GDEXPRD","TOT","MLN_USD","A","2013",14625.4286061688,
"SWE","GDEXPRD","TOT","MLN_USD","A","2014",14283.8903056427,
"SWE","GDEXPRD","TOT","MLN_USD","A","2015",15489.0516780699,
"SWE","GDEXPRD","TOT","MLN_USD","A","2016",15948.8884185546,
"SWE","GDEXPRD","TOT","MLN_USD","A","2017",16939.8903134867,
"SWE","GDEXPRD","TOT","MLN_USD","A","2018",17055.9382430727,
"SWE","GDEXPRD","TOT","MLN_USD","A","2019",17743.1195005092,
"SWE","GDEXPRD","TOT","MLN_USD","A","2020",17880.8152564323,
"SWE","GDEXPRD","TOT","MLN_USD","A","2021",18089.4529417937,
"CHE","GDEXPRD","TOT","MLN_USD","A","1981",5727.26928740908,
"CHE","GDEXPRD","TOT","MLN_USD","A","1983",5731.21219095456,
"CHE","GDEXPRD","TOT","MLN_USD","A","1986",7914.65680733543,
"CHE","GDEXPRD","TOT","MLN_USD","A","1989",8606.32732329001,
"CHE","GDEXPRD","TOT","MLN_USD","A","1992",8380.53704204879,
"CHE","GDEXPRD","TOT","MLN_USD","A","1996",8806.11038069753,
"CHE","GDEXPRD","TOT","MLN_USD","A","2000",9341.04918810231,
"CHE","GDEXPRD","TOT","MLN_USD","A","2004",11214.8288997089,
"CHE","GDEXPRD","TOT","MLN_USD","A","2008",13032.2045849813,
"CHE","GDEXPRD","TOT","MLN_USD","A","2012",14673.1326896591,
"CHE","GDEXPRD","TOT","MLN_USD","A","2015",16639.8934235238,
"CHE","GDEXPRD","TOT","MLN_USD","A","2017",17194.8756219555,
"CHE","GDEXPRD","TOT","MLN_USD","A","2019",18572.9256553376,
"TUR","GDEXPRD","TOT","MLN_USD","A","1990",1587.38015244778,
"TUR","GDEXPRD","TOT","MLN_USD","A","1991",2608.75149518152,
"TUR","GDEXPRD","TOT","MLN_USD","A","1992",2563.21580240825,
"TUR","GDEXPRD","TOT","MLN_USD","A","1993",2503.03340253496,
"TUR","GDEXPRD","TOT","MLN_USD","A","1994",1932.83902487078,
"TUR","GDEXPRD","TOT","MLN_USD","A","1995",2177.67746924119,
"TUR","GDEXPRD","TOT","MLN_USD","A","1996",2768.08942612564,
"TUR","GDEXPRD","TOT","MLN_USD","A","1997",3240.77883334448,
"TUR","GDEXPRD","TOT","MLN_USD","A","1998",3388.33914987511,
"TUR","GDEXPRD","TOT","MLN_USD","A","1999",4125.27551978546,
"TUR","GDEXPRD","TOT","MLN_USD","A","2000",4508.20944572153,
"TUR","GDEXPRD","TOT","MLN_USD","A","2001",4768.20511950919,
"TUR","GDEXPRD","TOT","MLN_USD","A","2002",4945.19219244045,
"TUR","GDEXPRD","TOT","MLN_USD","A","2003",4780.9313092103,
"TUR","GDEXPRD","TOT","MLN_USD","A","2004",5608.12821209703,
"TUR","GDEXPRD","TOT","MLN_USD","A","2005",6932.29507359296,
"TUR","GDEXPRD","TOT","MLN_USD","A","2006",7270.75927675512,
"TUR","GDEXPRD","TOT","MLN_USD","A","2007",9477.9991994667,
"TUR","GDEXPRD","TOT","MLN_USD","A","2008",9572.59514063233,
"TUR","GDEXPRD","TOT","MLN_USD","A","2009",10651.1916480673,
"TUR","GDEXPRD","TOT","MLN_USD","A","2010",11405.9584509487,
"TUR","GDEXPRD","TOT","MLN_USD","A","2011",12687.3462537886,
"TUR","GDEXPRD","TOT","MLN_USD","A","2012",13831.1018542741,
"TUR","GDEXPRD","TOT","MLN_USD","A","2013",14752.4069019149,
"TUR","GDEXPRD","TOT","MLN_USD","A","2014",16326.4088159672,
"TUR","GDEXPRD","TOT","MLN_USD","A","2015",17734.2713690851,
"TUR","GDEXPRD","TOT","MLN_USD","A","2016",19603.7625298427,
"TUR","GDEXPRD","TOT","MLN_USD","A","2017",21401.6124238262,
"TUR","GDEXPRD","TOT","MLN_USD","A","2018",23715.2151800374,
"TUR","GDEXPRD","TOT","MLN_USD","A","2019",24847.9951889066,
"TUR","GDEXPRD","TOT","MLN_USD","A","2020",25873.2466962374,
"TUR","GDEXPRD","TOT","MLN_USD","A","2021",29909.3208598174,
"GBR","GDEXPRD","TOT","MLN_USD","A","1981",28439.3241666681,
"GBR","GDEXPRD","TOT","MLN_USD","A","1983",27854.2399020722,
"GBR","GDEXPRD","TOT","MLN_USD","A","1985",30028.7693025079,
"GBR","GDEXPRD","TOT","MLN_USD","A","1986",31182.1396732186,
"GBR","GDEXPRD","TOT","MLN_USD","A","1987",31624.0792481414,
"GBR","GDEXPRD","TOT","MLN_USD","A","1988",32426.9494825486,
"GBR","GDEXPRD","TOT","MLN_USD","A","1989",33138.3850963272,
"GBR","GDEXPRD","TOT","MLN_USD","A","1990",33274.5650104412,
"GBR","GDEXPRD","TOT","MLN_USD","A","1991",31635.1471578259,
"GBR","GDEXPRD","TOT","MLN_USD","A","1992",31208.8801773749,
"GBR","GDEXPRD","TOT","MLN_USD","A","1993",32400.9123855556,
"GBR","GDEXPRD","TOT","MLN_USD","A","1994",33154.8872087713,
"GBR","GDEXPRD","TOT","MLN_USD","A","1995",30453.3065383808,
"GBR","GDEXPRD","TOT","MLN_USD","A","1996",29679.077205899,
"GBR","GDEXPRD","TOT","MLN_USD","A","1997",30296.1029669767,
"GBR","GDEXPRD","TOT","MLN_USD","A","1998",31457.7439044394,
"GBR","GDEXPRD","TOT","MLN_USD","A","1999",33973.1360855617,
"GBR","GDEXPRD","TOT","MLN_USD","A","2000",35096.8040821478,
"GBR","GDEXPRD","TOT","MLN_USD","A","2001",35576.0134437673,
"GBR","GDEXPRD","TOT","MLN_USD","A","2002",36594.8245792858,
"GBR","GDEXPRD","TOT","MLN_USD","A","2003",36940.1325863217,
"GBR","GDEXPRD","TOT","MLN_USD","A","2004",36618.3223716851,
"GBR","GDEXPRD","TOT","MLN_USD","A","2005",38064.000440388,
"GBR","GDEXPRD","TOT","MLN_USD","A","2006",39547.7994932316,
"GBR","GDEXPRD","TOT","MLN_USD","A","2007",41634.9134526211,
"GBR","GDEXPRD","TOT","MLN_USD","A","2008",41333.5111091595,
"GBR","GDEXPRD","TOT","MLN_USD","A","2009",40910.8780317415,
"GBR","GDEXPRD","TOT","MLN_USD","A","2010",41109.925233634,
"GBR","GDEXPRD","TOT","MLN_USD","A","2011",41808.8575001648,
"GBR","GDEXPRD","TOT","MLN_USD","A","2012",40638.2737912899,
"GBR","GDEXPRD","TOT","MLN_USD","A","2013",42527.477370353,
"GBR","GDEXPRD","TOT","MLN_USD","A","2014",61344.6297023717,
"GBR","GDEXPRD","TOT","MLN_USD","A","2015",62972.8145001246,
"GBR","GDEXPRD","TOT","MLN_USD","A","2016",65503.087410017,
"GBR","GDEXPRD","TOT","MLN_USD","A","2017",67444.899012621,
"GBR","GDEXPRD","TOT","MLN_USD","A","2018",79862.7681757809,
"GBR","GDEXPRD","TOT","MLN_USD","A","2019",79964.0452804804,
"GBR","GDEXPRD","TOT","MLN_USD","A","2020",78153.305627187,
"USA","GDEXPRD","TOT","MLN_USD","A","1981",164699.647647806,
"USA","GDEXPRD","TOT","MLN_USD","A","1982",173060.590568833,
"USA","GDEXPRD","TOT","MLN_USD","A","1983",185490.285296204,
"USA","GDEXPRD","TOT","MLN_USD","A","1984",203728.551629044,
"USA","GDEXPRD","TOT","MLN_USD","A","1985",221181.472683988,
"USA","GDEXPRD","TOT","MLN_USD","A","1986",226869.299609602,
"USA","GDEXPRD","TOT","MLN_USD","A","1987",232603.741889876,
"USA","GDEXPRD","TOT","MLN_USD","A","1988",238047.413942452,
"USA","GDEXPRD","TOT","MLN_USD","A","1989",242764.821026087,
"USA","GDEXPRD","TOT","MLN_USD","A","1990",250727.884433426,
"USA","GDEXPRD","TOT","MLN_USD","A","1991",256847.801086555,
"USA","GDEXPRD","TOT","MLN_USD","A","1992",258044.435658436,
"USA","GDEXPRD","TOT","MLN_USD","A","1993",252548.323706418,
"USA","GDEXPRD","TOT","MLN_USD","A","1994",252429.163092446,
"USA","GDEXPRD","TOT","MLN_USD","A","1995",268329.307871995,
"USA","GDEXPRD","TOT","MLN_USD","A","1996",283137.997555169,
"USA","GDEXPRD","TOT","MLN_USD","A","1997",298989.7509032,
"USA","GDEXPRD","TOT","MLN_USD","A","1998",314793.587524628,
"USA","GDEXPRD","TOT","MLN_USD","A","1999",336151.173363005,
"USA","GDEXPRD","TOT","MLN_USD","A","2000",360339.976906899,
"USA","GDEXPRD","TOT","MLN_USD","A","2001",366182.735541487,
"USA","GDEXPRD","TOT","MLN_USD","A","2002",359727.419367353,
"USA","GDEXPRD","TOT","MLN_USD","A","2003",370177.911141041,
"USA","GDEXPRD","TOT","MLN_USD","A","2004",374897.027723975,
"USA","GDEXPRD","TOT","MLN_USD","A","2005",390306.490304401,
"USA","GDEXPRD","TOT","MLN_USD","A","2006",408147.132274462,
"USA","GDEXPRD","TOT","MLN_USD","A","2007",427754.703565342,
"USA","GDEXPRD","TOT","MLN_USD","A","2008",449510.448782337,
"USA","GDEXPRD","TOT","MLN_USD","A","2009",445321.200828342,
"USA","GDEXPRD","TOT","MLN_USD","A","2010",444708.58189046,
"USA","GDEXPRD","TOT","MLN_USD","A","2011",455525.672908788,
"USA","GDEXPRD","TOT","MLN_USD","A","2012",454820.406678898,
"USA","GDEXPRD","TOT","MLN_USD","A","2013",468277.22417165,
"USA","GDEXPRD","TOT","MLN_USD","A","2014",481775.482622067,
"USA","GDEXPRD","TOT","MLN_USD","A","2015",507401,
"USA","GDEXPRD","TOT","MLN_USD","A","2016",528171.700903057,
"USA","GDEXPRD","TOT","MLN_USD","A","2017",549630.96952664,
"USA","GDEXPRD","TOT","MLN_USD","A","2018",586427.345752008,
"USA","GDEXPRD","TOT","MLN_USD","A","2019",631845.452979094,
"USA","GDEXPRD","TOT","MLN_USD","A","2020",671963.268047983,
"USA","GDEXPRD","TOT","MLN_USD","A","2021",709712.900312341,
"ARG","GDEXPRD","TOT","MLN_USD","A","1996",2001.77794808263,
"ARG","GDEXPRD","TOT","MLN_USD","A","1997",2175.01363148578,
"ARG","GDEXPRD","TOT","MLN_USD","A","1998",2214.00573485541,
"ARG","GDEXPRD","TOT","MLN_USD","A","1999",2357.78286669261,
"ARG","GDEXPRD","TOT","MLN_USD","A","2000",2264.21634873921,
"ARG","GDEXPRD","TOT","MLN_USD","A","2001",2094.19963128284,
"ARG","GDEXPRD","TOT","MLN_USD","A","2002",1708.94850196347,
"ARG","GDEXPRD","TOT","MLN_USD","A","2003",1963.81383251808,
"ARG","GDEXPRD","TOT","MLN_USD","A","2004",2354.21951513366,
"ARG","GDEXPRD","TOT","MLN_USD","A","2005",2670.40964496873,
"ARG","GDEXPRD","TOT","MLN_USD","A","2006",3100.70202905796,
"ARG","GDEXPRD","TOT","MLN_USD","A","2007",3439.13578043313,
"ARG","GDEXPRD","TOT","MLN_USD","A","2008",3660.18071723077,
"ARG","GDEXPRD","TOT","MLN_USD","A","2009",4296.17830951125,
"ARG","GDEXPRD","TOT","MLN_USD","A","2010",4545.80549334259,
"ARG","GDEXPRD","TOT","MLN_USD","A","2011",4863.90999628769,
"ARG","GDEXPRD","TOT","MLN_USD","A","2012",5401.97404290822,
"ARG","GDEXPRD","TOT","MLN_USD","A","2013",5388.67565695323,
"ARG","GDEXPRD","TOT","MLN_USD","A","2014",5001.3623556269,
"ARG","GDEXPRD","TOT","MLN_USD","A","2015",5363.84361835373,
"ARG","GDEXPRD","TOT","MLN_USD","A","2016",4502.05468205812,
"ARG","GDEXPRD","TOT","MLN_USD","A","2017",4857.0170289137,
"ARG","GDEXPRD","TOT","MLN_USD","A","2018",4203.05995118907,
"ARG","GDEXPRD","TOT","MLN_USD","A","2019",3938.26506526534,
"ARG","GDEXPRD","TOT","MLN_USD","A","2020",3901.14027998551,
"CHL","GDEXPRD","TOT","MLN_USD","A","2007",959.669728078577,
"CHL","GDEXPRD","TOT","MLN_USD","A","2008",1199.07533480816,
"CHL","GDEXPRD","TOT","MLN_USD","A","2009",1119.60925084642,
"CHL","GDEXPRD","TOT","MLN_USD","A","2010",1110.20971463234,
"CHL","GDEXPRD","TOT","MLN_USD","A","2011",1254.80216454745,
"CHL","GDEXPRD","TOT","MLN_USD","A","2012",1366.96822085355,
"CHL","GDEXPRD","TOT","MLN_USD","A","2013",1522.0586421751,
"CHL","GDEXPRD","TOT","MLN_USD","A","2014",1495.24850295746,
"CHL","GDEXPRD","TOT","MLN_USD","A","2015",1552.90304659382,
"CHL","GDEXPRD","TOT","MLN_USD","A","2016",1530.91685553661,
"CHL","GDEXPRD","TOT","MLN_USD","A","2017",1492.12775171521,
"CHL","GDEXPRD","TOT","MLN_USD","A","2018",1605.4810753741,
"CHL","GDEXPRD","TOT","MLN_USD","A","2019",1498.52129484345,
"CHL","GDEXPRD","TOT","MLN_USD","A","2020",1387.68803413592,
"CHN","GDEXPRD","TOT","MLN_USD","A","1991",13087.1486518403,
"CHN","GDEXPRD","TOT","MLN_USD","A","1992",15022.3097438591,
"CHN","GDEXPRD","TOT","MLN_USD","A","1993",16333.3653242292,
"CHN","GDEXPRD","TOT","MLN_USD","A","1994",16721.9380607053,
"CHN","GDEXPRD","TOT","MLN_USD","A","1995",16749.6872444463,
"CHN","GDEXPRD","TOT","MLN_USD","A","1996",18242.6612137767,
"CHN","GDEXPRD","TOT","MLN_USD","A","1997",22598.5244001153,
"CHN","GDEXPRD","TOT","MLN_USD","A","1998",24683.112845989,
"CHN","GDEXPRD","TOT","MLN_USD","A","1999",30794.9641786549,
"CHN","GDEXPRD","TOT","MLN_USD","A","2000",39806.306926472,
"CHN","GDEXPRD","TOT","MLN_USD","A","2001",45401.8575709753,
"CHN","GDEXPRD","TOT","MLN_USD","A","2002",55741.6526605798,
"CHN","GDEXPRD","TOT","MLN_USD","A","2003",64961.2710026621,
"CHN","GDEXPRD","TOT","MLN_USD","A","2004",77572.1020211667,
"CHN","GDEXPRD","TOT","MLN_USD","A","2005",93020.6500898596,
"CHN","GDEXPRD","TOT","MLN_USD","A","2006",109713.720660448,
"CHN","GDEXPRD","TOT","MLN_USD","A","2007",125799.195568337,
"CHN","GDEXPRD","TOT","MLN_USD","A","2008",145192.227958098,
"CHN","GDEXPRD","TOT","MLN_USD","A","2009",182882.556513278,
"CHN","GDEXPRD","TOT","MLN_USD","A","2010",208279.97835215,
"CHN","GDEXPRD","TOT","MLN_USD","A","2011",237042.71983421,
"CHN","GDEXPRD","TOT","MLN_USD","A","2012",274611.197590113,
"CHN","GDEXPRD","TOT","MLN_USD","A","2013",309205.058612812,
"CHN","GDEXPRD","TOT","MLN_USD","A","2014",336250.720890688,
"CHN","GDEXPRD","TOT","MLN_USD","A","2015",366080.932147093,
"CHN","GDEXPRD","TOT","MLN_USD","A","2016",399390.155103394,
"CHN","GDEXPRD","TOT","MLN_USD","A","2017",430329.703329414,
"CHN","GDEXPRD","TOT","MLN_USD","A","2018",464705.238693159,
"EST","GDEXPRD","TOT","MLN_USD","A","1998",120.23901972491,
"EST","GDEXPRD","TOT","MLN_USD","A","1999",143.475454558726,
"EST","GDEXPRD","TOT","MLN_USD","A","2000",139.971101878742,
"EST","GDEXPRD","TOT","MLN_USD","A","2001",172.701366035913,
"EST","GDEXPRD","TOT","MLN_USD","A","2002",187.890439929366,
"EST","GDEXPRD","TOT","MLN_USD","A","2003",217.236744791565,
"EST","GDEXPRD","TOT","MLN_USD","A","2004",256.65260155162,
"EST","GDEXPRD","TOT","MLN_USD","A","2005",304.766251251435,
"EST","GDEXPRD","TOT","MLN_USD","A","2006",405.928874112807,
"EST","GDEXPRD","TOT","MLN_USD","A","2007",415.49141175245,
"EST","GDEXPRD","TOT","MLN_USD","A","2008",466.074523525215,
"EST","GDEXPRD","TOT","MLN_USD","A","2009",443.950674968103,
"EST","GDEXPRD","TOT","MLN_USD","A","2010",514.122724962382,
"EST","GDEXPRD","TOT","MLN_USD","A","2011",805.101973849207,
"EST","GDEXPRD","TOT","MLN_USD","A","2012",766.049900727009,
"EST","GDEXPRD","TOT","MLN_USD","A","2013",630.657296498097,
"EST","GDEXPRD","TOT","MLN_USD","A","2014",538.911390225889,
"EST","GDEXPRD","TOT","MLN_USD","A","2015",563.302476528217,
"EST","GDEXPRD","TOT","MLN_USD","A","2016",492.119362196099,
"EST","GDEXPRD","TOT","MLN_USD","A","2017",534.775194048519,
"EST","GDEXPRD","TOT","MLN_USD","A","2018",612.881731854286,
"EST","GDEXPRD","TOT","MLN_USD","A","2019",735.6699327817,
"EST","GDEXPRD","TOT","MLN_USD","A","2020",785.188208834209,
"EST","GDEXPRD","TOT","MLN_USD","A","2021",848.704498880148,
"ISR","GDEXPRD","TOT","MLN_USD","A","1991",2348.00057997381,
"ISR","GDEXPRD","TOT","MLN_USD","A","1992",2595.42138410512,
"ISR","GDEXPRD","TOT","MLN_USD","A","1993",2819.63850344095,
"ISR","GDEXPRD","TOT","MLN_USD","A","1994",3094.75442420884,
"ISR","GDEXPRD","TOT","MLN_USD","A","1995",3309.37212092473,
"ISR","GDEXPRD","TOT","MLN_USD","A","1996",3745.88020679828,
"ISR","GDEXPRD","TOT","MLN_USD","A","1997",4232.22624798819,
"ISR","GDEXPRD","TOT","MLN_USD","A","1998",4584.95747041387,
"ISR","GDEXPRD","TOT","MLN_USD","A","1999",5420.85774199745,
"ISR","GDEXPRD","TOT","MLN_USD","A","2000",6989.46438310355,
"ISR","GDEXPRD","TOT","MLN_USD","A","2001",7448.84340260354,
"ISR","GDEXPRD","TOT","MLN_USD","A","2002",7323.50724038055,
"ISR","GDEXPRD","TOT","MLN_USD","A","2003",6987.37386178177,
"ISR","GDEXPRD","TOT","MLN_USD","A","2004",7291.5516686461,
"ISR","GDEXPRD","TOT","MLN_USD","A","2005",7944.92628590061,
"ISR","GDEXPRD","TOT","MLN_USD","A","2006",8596.2231415402,
"ISR","GDEXPRD","TOT","MLN_USD","A","2007",9749.7252337993,
"ISR","GDEXPRD","TOT","MLN_USD","A","2008",9961.74249050004,
"ISR","GDEXPRD","TOT","MLN_USD","A","2009",9553.82795059367,
"ISR","GDEXPRD","TOT","MLN_USD","A","2010",9641.48742065052,
"ISR","GDEXPRD","TOT","MLN_USD","A","2011",10367.1029128983,
"ISR","GDEXPRD","TOT","MLN_USD","A","2012",11028.0996080159,
"ISR","GDEXPRD","TOT","MLN_USD","A","2013",11361.1681730517,
"ISR","GDEXPRD","TOT","MLN_USD","A","2014",12054.6210684209,
"ISR","GDEXPRD","TOT","MLN_USD","A","2015",12666.90898102,
"ISR","GDEXPRD","TOT","MLN_USD","A","2016",14047.3299786863,
"ISR","GDEXPRD","TOT","MLN_USD","A","2017",15147.295218842,
"ISR","GDEXPRD","TOT","MLN_USD","A","2018",16281.9726627864,
"ISR","GDEXPRD","TOT","MLN_USD","A","2019",18519.2511411549,
"ISR","GDEXPRD","TOT","MLN_USD","A","2020",19882.5373629408,
"ISR","GDEXPRD","TOT","MLN_USD","A","2021",21031.6509418878,
"ROU","GDEXPRD","TOT","MLN_USD","A","1991",1799.62522140061,
"ROU","GDEXPRD","TOT","MLN_USD","A","1992",1771.39947316741,
"ROU","GDEXPRD","TOT","MLN_USD","A","1993",1935.66619525202,
"ROU","GDEXPRD","TOT","MLN_USD","A","1994",1703.61337185803,
"ROU","GDEXPRD","TOT","MLN_USD","A","1995",1886.13280549446,
"ROU","GDEXPRD","TOT","MLN_USD","A","1996",1743.70995637304,
"ROU","GDEXPRD","TOT","MLN_USD","A","1997",1412.73791322246,
"ROU","GDEXPRD","TOT","MLN_USD","A","1998",1193.49667223512,
"ROU","GDEXPRD","TOT","MLN_USD","A","1999",955.99325989762,
"ROU","GDEXPRD","TOT","MLN_USD","A","2000",900.672853348065,
"ROU","GDEXPRD","TOT","MLN_USD","A","2001",1012.44363931669,
"ROU","GDEXPRD","TOT","MLN_USD","A","2002",1031.67434030109,
"ROU","GDEXPRD","TOT","MLN_USD","A","2003",1111.43635466655,
"ROU","GDEXPRD","TOT","MLN_USD","A","2004",1203.67313733844,
"ROU","GDEXPRD","TOT","MLN_USD","A","2005",1334.92208521502,
"ROU","GDEXPRD","TOT","MLN_USD","A","2006",1596.55847190043,
"ROU","GDEXPRD","TOT","MLN_USD","A","2007",1916.91934135576,
"ROU","GDEXPRD","TOT","MLN_USD","A","2008",2261.93737105832,
"ROU","GDEXPRD","TOT","MLN_USD","A","2009",1718.34002730407,
"ROU","GDEXPRD","TOT","MLN_USD","A","2010",1698.54517441968,
"ROU","GDEXPRD","TOT","MLN_USD","A","2011",1890.0655544996,
"ROU","GDEXPRD","TOT","MLN_USD","A","2012",1877.52687129281,
"ROU","GDEXPRD","TOT","MLN_USD","A","2013",1558.00213640283,
"ROU","GDEXPRD","TOT","MLN_USD","A","2014",1586.93329081018,
"ROU","GDEXPRD","TOT","MLN_USD","A","2015",2090.92784270607,
"ROU","GDEXPRD","TOT","MLN_USD","A","2016",2157.33430664597,
"ROU","GDEXPRD","TOT","MLN_USD","A","2017",2420.88309889334,
"ROU","GDEXPRD","TOT","MLN_USD","A","2018",2518.64890480304,
"ROU","GDEXPRD","TOT","MLN_USD","A","2019",2504.78035351071,
"ROU","GDEXPRD","TOT","MLN_USD","A","2020",2363.03193901833,
"ROU","GDEXPRD","TOT","MLN_USD","A","2021",2536.03431259646,
"RUS","GDEXPRD","TOT","MLN_USD","A","1989",58929.9870306348,
"RUS","GDEXPRD","TOT","MLN_USD","A","1990",60981.4140945444,
"RUS","GDEXPRD","TOT","MLN_USD","A","1991",40771.6131111745,
"RUS","GDEXPRD","TOT","MLN_USD","A","1992",18028.9110883813,
"RUS","GDEXPRD","TOT","MLN_USD","A","1993",17099.238406805,
"RUS","GDEXPRD","TOT","MLN_USD","A","1994",16401.784342908,
"RUS","GDEXPRD","TOT","MLN_USD","A","1995",14783.2010835224,
"RUS","GDEXPRD","TOT","MLN_USD","A","1996",16183.7680619162,
"RUS","GDEXPRD","TOT","MLN_USD","A","1997",17729.1912438621,
"RUS","GDEXPRD","TOT","MLN_USD","A","1998",15335.9873910537,
"RUS","GDEXPRD","TOT","MLN_USD","A","1999",17035.0638147777,
"RUS","GDEXPRD","TOT","MLN_USD","A","2000",19755.0040689796,
"RUS","GDEXPRD","TOT","MLN_USD","A","2001",23274.3509802939,
"RUS","GDEXPRD","TOT","MLN_USD","A","2002",25819.5948038808,
"RUS","GDEXPRD","TOT","MLN_USD","A","2003",28551.7196851821,
"RUS","GDEXPRD","TOT","MLN_USD","A","2004",27395.45823291,
"RUS","GDEXPRD","TOT","MLN_USD","A","2005",27032.0773603699,
"RUS","GDEXPRD","TOT","MLN_USD","A","2006",29372.2306831597,
"RUS","GDEXPRD","TOT","MLN_USD","A","2007",33161.9980350342,
"RUS","GDEXPRD","TOT","MLN_USD","A","2008",32658.0389393539,
"RUS","GDEXPRD","TOT","MLN_USD","A","2009",36087.2516366011,
"RUS","GDEXPRD","TOT","MLN_USD","A","2010",34045.8063884577,
"RUS","GDEXPRD","TOT","MLN_USD","A","2011",34256.6410076633,
"RUS","GDEXPRD","TOT","MLN_USD","A","2012",36063.5885898486,
"RUS","GDEXPRD","TOT","MLN_USD","A","2013",36684.6702000197,
"RUS","GDEXPRD","TOT","MLN_USD","A","2014",38576.7424800143,
"RUS","GDEXPRD","TOT","MLN_USD","A","2015",38818.6309211665,
"RUS","GDEXPRD","TOT","MLN_USD","A","2016",38947.8120232728,
"RUS","GDEXPRD","TOT","MLN_USD","A","2017",39921.023584549,
"RUS","GDEXPRD","TOT","MLN_USD","A","2018",36616.3906120505,
"RUS","GDEXPRD","TOT","MLN_USD","A","2019",39201.2639660445,
"RUS","GDEXPRD","TOT","MLN_USD","A","2020",40322.2987555871,
"SGP","GDEXPRD","TOT","MLN_USD","A","1994",1628.97991260763,
"SGP","GDEXPRD","TOT","MLN_USD","A","1995",1836.69669736777,
"SGP","GDEXPRD","TOT","MLN_USD","A","1996",2372.94657696308,
"SGP","GDEXPRD","TOT","MLN_USD","A","1997",2756.80166297171,
"SGP","GDEXPRD","TOT","MLN_USD","A","1998",3308.47600273382,
"SGP","GDEXPRD","TOT","MLN_USD","A","1999",3657.27836416115,
"SGP","GDEXPRD","TOT","MLN_USD","A","2000",3989.5009834435,
"SGP","GDEXPRD","TOT","MLN_USD","A","2001",4364.60060509051,
"SGP","GDEXPRD","TOT","MLN_USD","A","2002",4588.53418705052,
"SGP","GDEXPRD","TOT","MLN_USD","A","2003",4711.65290199822,
"SGP","GDEXPRD","TOT","MLN_USD","A","2004",5386.29018381484,
"SGP","GDEXPRD","TOT","MLN_USD","A","2005",5975.91810743058,
"SGP","GDEXPRD","TOT","MLN_USD","A","2006",6418.55355848213,
"SGP","GDEXPRD","TOT","MLN_USD","A","2007",7669.76800176212,
"SGP","GDEXPRD","TOT","MLN_USD","A","2008",8745.55230831757,
"SGP","GDEXPRD","TOT","MLN_USD","A","2009",7175.23794082771,
"SGP","GDEXPRD","TOT","MLN_USD","A","2010",7450.07072180656,
"SGP","GDEXPRD","TOT","MLN_USD","A","2011",8498.6687363676,
"SGP","GDEXPRD","TOT","MLN_USD","A","2012",8229.17279060758,
"SGP","GDEXPRD","TOT","MLN_USD","A","2013",8639.40907430897,
"SGP","GDEXPRD","TOT","MLN_USD","A","2014",9733.33492763524,
"SGP","GDEXPRD","TOT","MLN_USD","A","2015",10467.9194962536,
"SGP","GDEXPRD","TOT","MLN_USD","A","2016",10320.2779190994,
"SGP","GDEXPRD","TOT","MLN_USD","A","2017",9871.78756944287,
"SGP","GDEXPRD","TOT","MLN_USD","A","2018",9760.6614506087,
"SGP","GDEXPRD","TOT","MLN_USD","A","2019",10346.9712595014,
"SGP","GDEXPRD","TOT","MLN_USD","A","2020",11435.909348187,
"SVN","GDEXPRD","TOT","MLN_USD","A","1993",558.567466637586,
"SVN","GDEXPRD","TOT","MLN_USD","A","1994",646.519451459562,
"SVN","GDEXPRD","TOT","MLN_USD","A","1995",595.073779633041,
"SVN","GDEXPRD","TOT","MLN_USD","A","1996",522.057899737539,
"SVN","GDEXPRD","TOT","MLN_USD","A","1997",540.48567047103,
"SVN","GDEXPRD","TOT","MLN_USD","A","1998",584.50551046764,
"SVN","GDEXPRD","TOT","MLN_USD","A","1999",630.643816492359,
"SVN","GDEXPRD","TOT","MLN_USD","A","2000",665.021726260666,
"SVN","GDEXPRD","TOT","MLN_USD","A","2001",740.855157852851,
"SVN","GDEXPRD","TOT","MLN_USD","A","2002",754.066311848521,
"SVN","GDEXPRD","TOT","MLN_USD","A","2003",671.311148903353,
"SVN","GDEXPRD","TOT","MLN_USD","A","2004",769.260266898692,
"SVN","GDEXPRD","TOT","MLN_USD","A","2005",826.162363729715,
"SVN","GDEXPRD","TOT","MLN_USD","A","2006",947.135579874398,
"SVN","GDEXPRD","TOT","MLN_USD","A","2007",940.721246263023,
"SVN","GDEXPRD","TOT","MLN_USD","A","2008",1110.00355088472,
"SVN","GDEXPRD","TOT","MLN_USD","A","2009",1142.990912285,
"SVN","GDEXPRD","TOT","MLN_USD","A","2010",1311.45715640431,
"SVN","GDEXPRD","TOT","MLN_USD","A","2011",1555.95286035754,
"SVN","GDEXPRD","TOT","MLN_USD","A","2012",1607.57527286852,
"SVN","GDEXPRD","TOT","MLN_USD","A","2013",1593.6727298534,
"SVN","GDEXPRD","TOT","MLN_USD","A","2014",1510.46915713994,
"SVN","GDEXPRD","TOT","MLN_USD","A","2015",1433.00923752379,
"SVN","GDEXPRD","TOT","MLN_USD","A","2016",1352.12550070658,
"SVN","GDEXPRD","TOT","MLN_USD","A","2017",1316.75740493909,
"SVN","GDEXPRD","TOT","MLN_USD","A","2018",1434.86721018614,
"SVN","GDEXPRD","TOT","MLN_USD","A","2019",1557.11822338569,
"SVN","GDEXPRD","TOT","MLN_USD","A","2020",1563.82021189975,
"SVN","GDEXPRD","TOT","MLN_USD","A","2021",1689.63774613488,
"ZAF","GDEXPRD","TOT","MLN_USD","A","1983",2596.21991207906,
"ZAF","GDEXPRD","TOT","MLN_USD","A","1985",2791.16621989971,
"ZAF","GDEXPRD","TOT","MLN_USD","A","1987",2567.68287621406,
"ZAF","GDEXPRD","TOT","MLN_USD","A","1989",2538.68070584161,
"ZAF","GDEXPRD","TOT","MLN_USD","A","1991",2983.60379833725,
"ZAF","GDEXPRD","TOT","MLN_USD","A","1993",2146.97999899369,
"ZAF","GDEXPRD","TOT","MLN_USD","A","1997",2415.0151398233,
"ZAF","GDEXPRD","TOT","MLN_USD","A","2001",3261.28075714288,
"ZAF","GDEXPRD","TOT","MLN_USD","A","2003",3698.11249143054,
"ZAF","GDEXPRD","TOT","MLN_USD","A","2004",4135.13856523569,
"ZAF","GDEXPRD","TOT","MLN_USD","A","2005",4619.95972658262,
"ZAF","GDEXPRD","TOT","MLN_USD","A","2006",5076.67369346173,
"ZAF","GDEXPRD","TOT","MLN_USD","A","2007",5257.78085875267,
"ZAF","GDEXPRD","TOT","MLN_USD","A","2008",5458.09182736926,
"ZAF","GDEXPRD","TOT","MLN_USD","A","2009",5056.24004453669,
"ZAF","GDEXPRD","TOT","MLN_USD","A","2010",4595.27822406245,
"ZAF","GDEXPRD","TOT","MLN_USD","A","2011",4729.95400964804,
"ZAF","GDEXPRD","TOT","MLN_USD","A","2012",4828.82473469614,
"ZAF","GDEXPRD","TOT","MLN_USD","A","2013",4889.80596690797,
"ZAF","GDEXPRD","TOT","MLN_USD","A","2014",5298.01527184913,
"ZAF","GDEXPRD","TOT","MLN_USD","A","2015",5551.11736138191,
"ZAF","GDEXPRD","TOT","MLN_USD","A","2016",5715.40787999869,
"ZAF","GDEXPRD","TOT","MLN_USD","A","2017",5890.56941678042,
"ZAF","GDEXPRD","TOT","MLN_USD","A","2018",5384.48664980015,
"ZAF","GDEXPRD","TOT","MLN_USD","A","2019",4852.79904844887,
"TWN","GDEXPRD","TOT","MLN_USD","A","1995",8037.08060089074,
"TWN","GDEXPRD","TOT","MLN_USD","A","1996",8664.96819416815,
"TWN","GDEXPRD","TOT","MLN_USD","A","1997",9606.75494927964,
"TWN","GDEXPRD","TOT","MLN_USD","A","1998",10502.3820249298,
"TWN","GDEXPRD","TOT","MLN_USD","A","1999",11562.0230859545,
"TWN","GDEXPRD","TOT","MLN_USD","A","2000",12103.8213096225,
"TWN","GDEXPRD","TOT","MLN_USD","A","2001",12633.4222583768,
"TWN","GDEXPRD","TOT","MLN_USD","A","2002",13888.6648540098,
"TWN","GDEXPRD","TOT","MLN_USD","A","2003",15249.0462310133,
"TWN","GDEXPRD","TOT","MLN_USD","A","2004",16649.3930560352,
"TWN","GDEXPRD","TOT","MLN_USD","A","2005",18040.6448572412,
"TWN","GDEXPRD","TOT","MLN_USD","A","2006",19962.4625983192,
"TWN","GDEXPRD","TOT","MLN_USD","A","2007",21686.835027401,
"TWN","GDEXPRD","TOT","MLN_USD","A","2008",23527.267112276,
"TWN","GDEXPRD","TOT","MLN_USD","A","2009",24609.6700832265,
"TWN","GDEXPRD","TOT","MLN_USD","A","2010",26887.2771781027,
"TWN","GDEXPRD","TOT","MLN_USD","A","2011",28832.716020011,
"TWN","GDEXPRD","TOT","MLN_USD","A","2012",29923.9122947171,
"TWN","GDEXPRD","TOT","MLN_USD","A","2013",31136.1240991455,
"TWN","GDEXPRD","TOT","MLN_USD","A","2014",32369.4353212181,
"TWN","GDEXPRD","TOT","MLN_USD","A","2015",33058.8214382076,
"TWN","GDEXPRD","TOT","MLN_USD","A","2016",34745.1194614465,
"TWN","GDEXPRD","TOT","MLN_USD","A","2017",37159.1667628581,
"TWN","GDEXPRD","TOT","MLN_USD","A","2018",40079.6708625088,
"TWN","GDEXPRD","TOT","MLN_USD","A","2019",43043.566343022,
"TWN","GDEXPRD","TOT","MLN_USD","A","2020",46238.7100214495,
"TWN","GDEXPRD","TOT","MLN_USD","A","2021",51303.7910258524,
"OECD","GDEXPRD","TOT","MLN_USD","A","1991",649615.163903497,
"OECD","GDEXPRD","TOT","MLN_USD","A","1992",652195.705199299,
"OECD","GDEXPRD","TOT","MLN_USD","A","1993",647079.100300561,
"OECD","GDEXPRD","TOT","MLN_USD","A","1994",651617.605485039,
"OECD","GDEXPRD","TOT","MLN_USD","A","1995",677131.352893328,
"OECD","GDEXPRD","TOT","MLN_USD","A","1996",706445.589588948,
"OECD","GDEXPRD","TOT","MLN_USD","A","1997",739921.681680514,
"OECD","GDEXPRD","TOT","MLN_USD","A","1998",768132.146740648,
"OECD","GDEXPRD","TOT","MLN_USD","A","1999",811404.44829768,
"OECD","GDEXPRD","TOT","MLN_USD","A","2000",862420.205140086,
"OECD","GDEXPRD","TOT","MLN_USD","A","2001",889023.566140896,
"OECD","GDEXPRD","TOT","MLN_USD","A","2002",893746.998389774,
"OECD","GDEXPRD","TOT","MLN_USD","A","2003",913801.199908698,
"OECD","GDEXPRD","TOT","MLN_USD","A","2004",931700.467475204,
"OECD","GDEXPRD","TOT","MLN_USD","A","2005",972301.613999511,
"OECD","GDEXPRD","TOT","MLN_USD","A","2006",1021945.3491047,
"OECD","GDEXPRD","TOT","MLN_USD","A","2007",1071518.82470319,
"OECD","GDEXPRD","TOT","MLN_USD","A","2008",1112961.95512988,
"OECD","GDEXPRD","TOT","MLN_USD","A","2009",1097906.83760072,
"OECD","GDEXPRD","TOT","MLN_USD","A","2010",1114342.65517035,
"OECD","GDEXPRD","TOT","MLN_USD","A","2011",1154342.88738761,
"OECD","GDEXPRD","TOT","MLN_USD","A","2012",1168558.25069749,
"OECD","GDEXPRD","TOT","MLN_USD","A","2013",1202138.61320979,
"OECD","GDEXPRD","TOT","MLN_USD","A","2014",1241615.57351239,
"OECD","GDEXPRD","TOT","MLN_USD","A","2015",1275805.16021492,
"OECD","GDEXPRD","TOT","MLN_USD","A","2016",1304103.85611049,
"OECD","GDEXPRD","TOT","MLN_USD","A","2017",1362218.07925593,
"OECD","GDEXPRD","TOT","MLN_USD","A","2018",1437203.78191576,
"OECD","GDEXPRD","TOT","MLN_USD","A","2019",1505856.54766373,
"OECD","GDEXPRD","TOT","MLN_USD","A","2020",1536781.01908165,
"OECD","GDEXPRD","TOT","MLN_USD","A","2021",1609214.37544451,
"LVA","GDEXPRD","TOT","MLN_USD","A","1995",96.5297529961752,
"LVA","GDEXPRD","TOT","MLN_USD","A","1996",91.0848825694536,
"LVA","GDEXPRD","TOT","MLN_USD","A","1997",91.4874926934305,
"LVA","GDEXPRD","TOT","MLN_USD","A","1998",100.723799280483,
"LVA","GDEXPRD","TOT","MLN_USD","A","1999",96.0238377590719,
"LVA","GDEXPRD","TOT","MLN_USD","A","2000",125.413608918591,
"LVA","GDEXPRD","TOT","MLN_USD","A","2001",123.466891254925,
"LVA","GDEXPRD","TOT","MLN_USD","A","2002",134.125990721783,
"LVA","GDEXPRD","TOT","MLN_USD","A","2003",127.928673389981,
"LVA","GDEXPRD","TOT","MLN_USD","A","2004",153.601624246461,
"LVA","GDEXPRD","TOT","MLN_USD","A","2005",224.999491356424,
"LVA","GDEXPRD","TOT","MLN_USD","A","2006",309.218030180766,
"LVA","GDEXPRD","TOT","MLN_USD","A","2007",289.59227301169,
"LVA","GDEXPRD","TOT","MLN_USD","A","2008",293.471909395731,
"LVA","GDEXPRD","TOT","MLN_USD","A","2009",195.550900777437,
"LVA","GDEXPRD","TOT","MLN_USD","A","2010",252.285806110625,
"LVA","GDEXPRD","TOT","MLN_USD","A","2011",305.733857420147,
"LVA","GDEXPRD","TOT","MLN_USD","A","2012",303.231444137531,
"LVA","GDEXPRD","TOT","MLN_USD","A","2013",286.064253450621,
"LVA","GDEXPRD","TOT","MLN_USD","A","2014",327.569283089693,
"LVA","GDEXPRD","TOT","MLN_USD","A","2015",305.8871124094,
"LVA","GDEXPRD","TOT","MLN_USD","A","2016",219.979408189723,
"LVA","GDEXPRD","TOT","MLN_USD","A","2017",266.906915400078,
"LVA","GDEXPRD","TOT","MLN_USD","A","2018",346.8936272799,
"LVA","GDEXPRD","TOT","MLN_USD","A","2019",354.463010212496,
"LVA","GDEXPRD","TOT","MLN_USD","A","2020",374.488868196775,
"LVA","GDEXPRD","TOT","MLN_USD","A","2021",391.993565077433,
"LTU","GDEXPRD","TOT","MLN_USD","A","1995",155.294502142103,
"LTU","GDEXPRD","TOT","MLN_USD","A","1996",187.238265119749,
"LTU","GDEXPRD","TOT","MLN_USD","A","1997",221.346612253133,
"LTU","GDEXPRD","TOT","MLN_USD","A","1998",241.056170730162,
"LTU","GDEXPRD","TOT","MLN_USD","A","1999",220.011684596645,
"LTU","GDEXPRD","TOT","MLN_USD","A","2000",266.071767918598,
"LTU","GDEXPRD","TOT","MLN_USD","A","2001",323.170032555348,
"LTU","GDEXPRD","TOT","MLN_USD","A","2002",339.787751630824,
"LTU","GDEXPRD","TOT","MLN_USD","A","2003",379.446148746564,
"LTU","GDEXPRD","TOT","MLN_USD","A","2004",457.514514884901,
"LTU","GDEXPRD","TOT","MLN_USD","A","2005",490.797602448618,
"LTU","GDEXPRD","TOT","MLN_USD","A","2006",558.06886662687,
"LTU","GDEXPRD","TOT","MLN_USD","A","2007",627.647491444162,
"LTU","GDEXPRD","TOT","MLN_USD","A","2008",634.077530632418,
"LTU","GDEXPRD","TOT","MLN_USD","A","2009",568.39665051732,
"LTU","GDEXPRD","TOT","MLN_USD","A","2010",544.724827105011,
"LTU","GDEXPRD","TOT","MLN_USD","A","2011",665.660847797398,
"LTU","GDEXPRD","TOT","MLN_USD","A","2012",683.85779784558,
"LTU","GDEXPRD","TOT","MLN_USD","A","2013",752.281857940708,
"LTU","GDEXPRD","TOT","MLN_USD","A","2014",845.711792009865,
"LTU","GDEXPRD","TOT","MLN_USD","A","2015",873.978713303853,
"LTU","GDEXPRD","TOT","MLN_USD","A","2016",723.38831421165,
"LTU","GDEXPRD","TOT","MLN_USD","A","2017",802.591354367371,
"LTU","GDEXPRD","TOT","MLN_USD","A","2018",872.228116912843,
"LTU","GDEXPRD","TOT","MLN_USD","A","2019",968.174911430432,
"LTU","GDEXPRD","TOT","MLN_USD","A","2020",1105.57877422356,
"LTU","GDEXPRD","TOT","MLN_USD","A","2021",1143.66218553738,
"COL","GDEXPRD","TOT","MLN_USD","A","2000",468.277583698245,
"COL","GDEXPRD","TOT","MLN_USD","A","2001",479.380388954668,
"COL","GDEXPRD","TOT","MLN_USD","A","2002",571.063321716177,
"COL","GDEXPRD","TOT","MLN_USD","A","2003",648.351357524271,
"COL","GDEXPRD","TOT","MLN_USD","A","2004",662.523628947525,
"COL","GDEXPRD","TOT","MLN_USD","A","2005",661.141229547301,
"COL","GDEXPRD","TOT","MLN_USD","A","2006",700.007705788222,
"COL","GDEXPRD","TOT","MLN_USD","A","2007",832.68952928149,
"COL","GDEXPRD","TOT","MLN_USD","A","2008",918.02149345209,
"COL","GDEXPRD","TOT","MLN_USD","A","2009",919.431265063137,
"COL","GDEXPRD","TOT","MLN_USD","A","2010",961.122841552328,
"COL","GDEXPRD","TOT","MLN_USD","A","2011",1053.60481426559,
"COL","GDEXPRD","TOT","MLN_USD","A","2012",1220.29483116898,
"COL","GDEXPRD","TOT","MLN_USD","A","2013",1494.38423143414,
"COL","GDEXPRD","TOT","MLN_USD","A","2014",1837.84073448132,
"COL","GDEXPRD","TOT","MLN_USD","A","2015",2280.67594902684,
"COL","GDEXPRD","TOT","MLN_USD","A","2016",1723.5503673584,
"COL","GDEXPRD","TOT","MLN_USD","A","2017",1686.12662005526,
"COL","GDEXPRD","TOT","MLN_USD","A","2018",2068.78207361632,
"COL","GDEXPRD","TOT","MLN_USD","A","2019",2200.88037258108,
"COL","GDEXPRD","TOT","MLN_USD","A","2020",1838.13316631041,
"EU27_2020","GDEXPRD","TOT","MLN_USD","A","1991",186912.502358293,
"EU27_2020","GDEXPRD","TOT","MLN_USD","A","1992",186380.481082207,
"EU27_2020","GDEXPRD","TOT","MLN_USD","A","1993",184027.966004908,
"EU27_2020","GDEXPRD","TOT","MLN_USD","A","1994",183661.745930353,
"EU27_2020","GDEXPRD","TOT","MLN_USD","A","1995",187111.819138268,
"EU27_2020","GDEXPRD","TOT","MLN_USD","A","1996",191962.782615211,
"EU27_2020","GDEXPRD","TOT","MLN_USD","A","1997",198992.903289214,
"EU27_2020","GDEXPRD","TOT","MLN_USD","A","1998",206379.497381051,
"EU27_2020","GDEXPRD","TOT","MLN_USD","A","1999",218568.565537465,
"EU27_2020","GDEXPRD","TOT","MLN_USD","A","2000",230921.250027962,
"EU27_2020","GDEXPRD","TOT","MLN_USD","A","2001",239597.419430577,
"EU27_2020","GDEXPRD","TOT","MLN_USD","A","2002",244450.073979239,
"EU27_2020","GDEXPRD","TOT","MLN_USD","A","2003",246414.609044074,
"EU27_2020","GDEXPRD","TOT","MLN_USD","A","2004",249647.731394511,
"EU27_2020","GDEXPRD","TOT","MLN_USD","A","2005",255096.793070914,
"EU27_2020","GDEXPRD","TOT","MLN_USD","A","2006",268776.699859545,
"EU27_2020","GDEXPRD","TOT","MLN_USD","A","2007",278257.331974222,
"EU27_2020","GDEXPRD","TOT","MLN_USD","A","2008",294089.151083697,
"EU27_2020","GDEXPRD","TOT","MLN_USD","A","2009",294199.88082179,
"EU27_2020","GDEXPRD","TOT","MLN_USD","A","2010",301175.937609014,
"EU27_2020","GDEXPRD","TOT","MLN_USD","A","2011",313982.478703289,
"EU27_2020","GDEXPRD","TOT","MLN_USD","A","2012",321163.661526159,
"EU27_2020","GDEXPRD","TOT","MLN_USD","A","2013",323256.934578405,
"EU27_2020","GDEXPRD","TOT","MLN_USD","A","2014",332077.997214597,
"EU27_2020","GDEXPRD","TOT","MLN_USD","A","2015",340526.18097373,
"EU27_2020","GDEXPRD","TOT","MLN_USD","A","2016",345479.519022017,
"EU27_2020","GDEXPRD","TOT","MLN_USD","A","2017",362535.586323447,
"EU27_2020","GDEXPRD","TOT","MLN_USD","A","2018",377757.478410246,
"EU27_2020","GDEXPRD","TOT","MLN_USD","A","2019",392468.078814543,
"EU27_2020","GDEXPRD","TOT","MLN_USD","A","2020",383627.636412825,
"EU27_2020","GDEXPRD","TOT","MLN_USD","A","2021",397535.220486309,
